Company Name,Website,Industry,Services,Location,Number of Employees,Annual Revenue,Managing Director / Owner,Email Address,Phone Number,LinkedIn Company Page,Company LinkedIn URL,Decision Maker LinkedIn,Companies House Number,Uses CRM (unverified),Online Booking (unverified),Live Chat (unverified),Website Outdated Score (unverified),Google Reviews (verified),Google Rating (verified),Automation Opportunity,Suggested AI Automation Package,Opening Line,Lead Score /100
The Gas Pro,,Gas Engineering,"Boiler installation, gas servicing","Bishopsworth, Bristol",,,,,07830 448127,,,,,,,,,259,5.0,Likely - manual enquiry/quote handling typical for this business size,AI Receptionist; Lead Qualification; Job Scheduling,"Quick one. When someone contacts The Gas Pro outside working hours, what happens to that enquiry?",90
Gas Safe (Bristol),,Gas & Renewable Engineering,"Gas, electrical, solar installation","Bedminster, Bristol",,,,,0117 964 0078,,,,,,,,,313,4.9,Likely - manual enquiry/quote handling typical for this business size,AI Receptionist; Quote Automation; Email Automation,"Quick one. When someone contacts Gas Safe (Bristol) outside working hours, what happens to that enquiry?",90
Plumbco Heating,,Gas & Heating Engineering,"Boiler install, AC, heating systems",Bristol,,,,,0117 901 2266,,,,,,,,,286,4.9,Likely - manual enquiry/quote handling typical for this business size,AI Receptionist; Lead Qualification; Job Scheduling,"Quick one. When someone contacts Plumbco Heating outside working hours, what happens to that enquiry?",90
"Gregor Heating, Electrical & Renewable Energy",,"Gas, Electrical & Renewable Engineering","Heating, EV, solar, service plans","Warmley, Bristol",,,,,0117 935 2400,,,,,,,,,340,4.6,Likely - manual enquiry/quote handling typical for this business size,AI Receptionist; Quote Automation; Email Automation,"Quick one. When someone contacts Gregor Heating, Electrical & Renewable Energy outside working hours, what happens to that enquiry?",90
MCR Gas,,Gas Engineering,"Boiler install, service, gas safety certs","Bury, Manchester",,,,,0161 660 6063,,,,,,,,,467,4.9,Likely - manual enquiry/quote handling typical for this business size,AI Receptionist; Lead Qualification; Job Scheduling,"Quick one. When someone contacts MCR Gas outside working hours, what happens to that enquiry?",90
A+R Central Heating,,Gas & Heating Engineering,"Boiler repair, heating service contracts","Openshaw, Manchester",,,,,0161 220 3712,,,,,,,,,1581,4.9,Likely - manual enquiry/quote handling typical for this business size,AI Receptionist; Lead Qualification; Job Scheduling,"Quick one. When someone contacts A+R Central Heating outside working hours, what happens to that enquiry?",90
HydroGreen Heating and Gas Engineering,,Gas & Heating Engineering,"Boiler repair, gas safety certs, electrical","Erdington, Birmingham",,,,,07443 365157,,,,,,,,,543,5.0,Likely - manual enquiry/quote handling typical for this business size,AI Receptionist; Lead Qualification; Job Scheduling,"Quick one. When someone contacts HydroGreen Heating and Gas Engineering outside working hours, what happens to that enquiry?",90
Pipe Guys (Bham) Ltd,,Gas & Pipework Engineering,"Gas line install, boiler fitting, pipework","Castle Bromwich, Birmingham",,,,,07869 837241,,,,,,,,,409,4.9,Likely - manual enquiry/quote handling typical for this business size,AI Receptionist; Lead Qualification; Job Scheduling,"Quick one. When someone contacts Pipe Guys (Bham) Ltd outside working hours, what happens to that enquiry?",90
Blaymires Plumbing & Heating,,Gas & Heating Engineering,"Boiler installation, emergency repair","Beeston, Leeds",,,,,07961 863549,,,,,,,,,267,4.9,Likely - manual enquiry/quote handling typical for this business size,AI Receptionist; Lead Qualification; Job Scheduling,"Quick one. When someone contacts Blaymires Plumbing & Heating outside working hours, what happens to that enquiry?",90
Osprey Engineering Solutions Ltd,,Engineering Recruitment/Consultancy,Engineering recruitment and consultancy,Birmingham,,,,,0121 720 3356,,,,,,,,,306,5.0,Likely - manual enquiry/quote handling typical for this business size,AI Receptionist; Lead Qualification; Job Scheduling,"Quick one. When someone contacts Osprey Engineering Solutions Ltd outside working hours, what happens to that enquiry?",90
Your Maintenance Covered,,Building Services Maintenance,"Boiler, plumbing, roofing maintenance",London N1,,,,,0808 135 1594,,,,,,,,,486,4.9,Likely - manual enquiry/quote handling typical for this business size,AI Receptionist; Job Scheduling; Internal Workflow Automation,"Quick one. When someone contacts Your Maintenance Covered outside working hours, what happens to that enquiry?",90
Goff Petroleum (Wymondham),,Oil & Fuel Distribution,Heating oil and fuel delivery,"Wymondham, Norwich",,,,,01953 713555,,,,,,,,,349,4.4,Likely - manual enquiry/quote handling typical for this business size,AI Receptionist; AI Voice Agent; Order Automation; Invoice Chasing,"Quick one. When a customer rings Goff Petroleum (Wymondham) to order fuel out of hours, what happens to that enquiry?",85
Ashton Gas,,Gas Engineering,"Gas safety checks, boiler servicing",Bristol,,,,,0117 370 1849,,,,,,,,,165,5.0,Likely - manual enquiry/quote handling typical for this business size,AI Receptionist; Lead Qualification; Job Scheduling,"Quick one. When someone contacts Ashton Gas outside working hours, what happens to that enquiry?",84
Bristol Gas Servicing Ltd,,Gas Engineering,"Boiler repair, replacement, servicing","Kingswood, Bristol",,,,,07453 279004,,,,,,,,,64,5.0,Likely - manual enquiry/quote handling typical for this business size,AI Receptionist; Lead Qualification; Job Scheduling,"Quick one. When someone contacts Bristol Gas Servicing Ltd outside working hours, what happens to that enquiry?",84
UK Gas Plumbers,,Commercial Gas Engineering,"Commercial gas safety, catering gas certs",London,,,,,020 8935 5572,,,,,,,,,56,4.5,Likely - manual enquiry/quote handling typical for this business size,AI Receptionist; Lead Qualification; Job Scheduling,"Quick one. When someone contacts UK Gas Plumbers outside working hours, what happens to that enquiry?",84
Hybrid Heating and Gas LTD,,Gas & Oil Heating Engineering,"Gas safety, oil-fired boiler service and install","Bridgend, Wales",,,,,07515 535835,,,,,,,,,86,5.0,Likely - manual enquiry/quote handling typical for this business size,AI Receptionist; AI Voice Agent; Order Automation; Invoice Chasing,"Quick one. When someone contacts Hybrid Heating and Gas LTD outside working hours, what happens to that enquiry?",84
Oil Tank Replacements Ltd,,Oil Infrastructure Services,Oil tank replacement and decommissioning,"Cullompton, Devon",,,,,07875 639214,,,,,,,,,180,5.0,Likely - manual enquiry/quote handling typical for this business size,AI Receptionist; AI Voice Agent; Order Automation; Invoice Chasing,"Quick one. When a customer rings Oil Tank Replacements Ltd to order fuel out of hours, what happens to that enquiry?",84
Peter Foster Engineering Ltd,,Structural Engineering,Structural calculations and design,Bristol,,,,,07725 986933,,,,,,,,,95,5.0,Likely - manual enquiry/quote handling typical for this business size,AI Receptionist; Lead Qualification; Job Scheduling,"Quick one. When someone contacts Peter Foster Engineering Ltd outside working hours, what happens to that enquiry?",84
Gas Safety Manchester Limited,,Gas Engineering,"Gas safety certificates, appliance connection",Manchester,,,,,07546 245568,,,,,,,,,168,5.0,Likely - manual enquiry/quote handling typical for this business size,AI Receptionist; Lead Qualification; Job Scheduling,"Quick one. When someone contacts Gas Safety Manchester Limited outside working hours, what happens to that enquiry?",84
Bee Warm Heating,,Gas & Heating Engineering,Boiler repair and replacement,"Middleton, Manchester",,,,,0161 222 5953,,,,,,,,,61,5.0,Likely - manual enquiry/quote handling typical for this business size,AI Receptionist; Lead Qualification; Job Scheduling,"Quick one. When someone contacts Bee Warm Heating outside working hours, what happens to that enquiry?",84
HeatWave Manchester,,Gas & Heating Engineering,"Plumbing, heating, gas services",Manchester,,,,,07842 799477,,,,,,,,,50,5.0,Likely - manual enquiry/quote handling typical for this business size,AI Receptionist; Lead Qualification; Job Scheduling,"Quick one. When someone contacts HeatWave Manchester outside working hours, what happens to that enquiry?",84
Swift Heat Gas Services,,Industrial & Commercial Gas Engineering,"Industrial boiler rooms, warehouse heaters","Bury, Manchester",,,,,0161 764 4539,,,,,,,,,52,5.0,Likely - manual enquiry/quote handling typical for this business size,AI Receptionist; Lead Qualification; Job Scheduling,"Quick one. When someone contacts Swift Heat Gas Services outside working hours, what happens to that enquiry?",84
I-Fix Gas & Heating,,Gas & Heating Engineering,"Boiler replacement, radiator work",Birmingham,,,,,07598 278491,,,,,,,,,187,5.0,Likely - manual enquiry/quote handling typical for this business size,AI Receptionist; Lead Qualification; Job Scheduling,"Quick one. When someone contacts I-Fix Gas & Heating outside working hours, what happens to that enquiry?",84
2nd City Gas Plumbing & Heating Ltd,,Gas & Heating Engineering,"Boiler replacement, heating systems","Harborne, Birmingham",,,,,0121 426 6014,,,,,,,,,162,4.5,Likely - manual enquiry/quote handling typical for this business size,AI Receptionist; Lead Qualification; Job Scheduling,"Quick one. When someone contacts 2nd City Gas Plumbing & Heating Ltd outside working hours, what happens to that enquiry?",84
Gas & Plumbing Services Leeds,,Gas & Heating Engineering,"Boiler repair, install, emergency plumbing",Leeds,,,,,07552 765263,,,,,,,,,144,5.0,Likely - manual enquiry/quote handling typical for this business size,AI Receptionist; Lead Qualification; Job Scheduling,"Quick one. When someone contacts Gas & Plumbing Services Leeds outside working hours, what happens to that enquiry?",84
Secure Gas 247,,Gas Engineering,"Emergency boiler repair, gas certs","Roundhay, Leeds",,,,,07515 314131,,,,,,,,,198,5.0,Likely - manual enquiry/quote handling typical for this business size,AI Receptionist; Lead Qualification; Job Scheduling,"Quick one. When someone contacts Secure Gas 247 outside working hours, what happens to that enquiry?",84
Core Plumbing Heating Gas Ltd,,Gas & Heating Engineering,"Boiler repair, extension plumbing","Chapel Allerton, Leeds",,,,,07506 298849,,,,,,,,,79,4.8,Likely - manual enquiry/quote handling typical for this business size,AI Receptionist; Lead Qualification; Job Scheduling,"Quick one. When someone contacts Core Plumbing Heating Gas Ltd outside working hours, what happens to that enquiry?",84
Gaswise Engineering,,Gas Engineering,"Boiler install, gas engineering",Leeds,,,,,07514 717070,,,,,,,,,76,5.0,Likely - manual enquiry/quote handling typical for this business size,AI Receptionist; Lead Qualification; Job Scheduling,"Quick one. When someone contacts Gaswise Engineering outside working hours, what happens to that enquiry?",84
Banwy Fuels Ltd,,Oil Distribution,"Heating oil delivery, monthly payment plans","Welshpool, Powys",,,,,01938 810242,,,,,,,,,152,4.8,Likely - manual enquiry/quote handling typical for this business size,AI Receptionist; AI Voice Agent; Order Automation; Invoice Chasing,"Quick one. When a customer rings Banwy Fuels Ltd to order fuel out of hours, what happens to that enquiry?",84
G D Jones & Son Ltd,,Oil Distribution,Heating oil delivery,"Gaerwen, Anglesey",,,,,01248 421333,,,,,,,,,57,4.8,Likely - manual enquiry/quote handling typical for this business size,AI Receptionist; AI Voice Agent; Order Automation; Invoice Chasing,"Quick one. When a customer rings G D Jones & Son Ltd to order fuel out of hours, what happens to that enquiry?",84
Star Multifuels,,Oil & Multifuel Distribution,Heating oil and multifuel supply,"Ammanford, Carmarthenshire",,,,,01269 822703,,,,,,,,,188,4.8,Likely - manual enquiry/quote handling typical for this business size,AI Receptionist; AI Voice Agent; Order Automation; Invoice Chasing,"Quick one. When a customer rings Star Multifuels to order fuel out of hours, what happens to that enquiry?",84
J E Lawrence & Son Ltd,,Oil Distribution,Heating oil delivery,"Clarbeston Road, Pembrokeshire",,,,,01437 731306,,,,,,,,,71,4.6,Likely - manual enquiry/quote handling typical for this business size,AI Receptionist; AI Voice Agent; Order Automation; Invoice Chasing,"Quick one. When a customer rings J E Lawrence & Son Ltd to order fuel out of hours, what happens to that enquiry?",84
K P Thomas & Son,,Oil Distribution & Tank Services,"Heating oil, solid fuel, tank services","Narberth, Pembrokeshire",,,,,01834 290016,,,,,,,,,98,4.8,Likely - manual enquiry/quote handling typical for this business size,AI Receptionist; AI Voice Agent; Order Automation; Invoice Chasing,"Quick one. When a customer rings K P Thomas & Son to order fuel out of hours, what happens to that enquiry?",84
SA Heating Services,,Gas & Heating Engineering,"Boiler install, powerflushing",Glasgow,,,,,07507 809262,,,,,,,,,153,5.0,Likely - manual enquiry/quote handling typical for this business size,AI Receptionist; Lead Qualification; Job Scheduling,"Quick one. When someone contacts SA Heating Services outside working hours, what happens to that enquiry?",84
Gas Engineer Glasgow,,Gas Engineering,"Boiler repair, gas servicing","Rutherglen, Glasgow",,,,,0141 488 5457,,,,,,,,,59,4.9,Likely - manual enquiry/quote handling typical for this business size,AI Receptionist; Lead Qualification; Job Scheduling,"Quick one. When someone contacts Gas Engineer Glasgow outside working hours, what happens to that enquiry?",84
IFix Gas Glasgow,,Gas Engineering,"Boiler replacement, gas leak repair",Glasgow,,,,,07835 060679,,,,,,,,,76,4.9,Likely - manual enquiry/quote handling typical for this business size,AI Receptionist; Lead Qualification; Job Scheduling,"Quick one. When someone contacts IFix Gas Glasgow outside working hours, what happens to that enquiry?",84
Boiler Repair Glasgow,,Gas & Heating Engineering,Boiler repair and installation,Glasgow,,,,,0141 280 0548,,,,,,,,,117,5.0,Likely - manual enquiry/quote handling typical for this business size,AI Receptionist; Lead Qualification; Job Scheduling,"Quick one. When someone contacts Boiler Repair Glasgow outside working hours, what happens to that enquiry?",84
Glasgow Boiler Repairs,,Gas & Heating Engineering,"Boiler install, radiator systems",Glasgow,,,,,0141 766 1511,,,,,,,,,154,4.9,Likely - manual enquiry/quote handling typical for this business size,AI Receptionist; Lead Qualification; Job Scheduling,"Quick one. When someone contacts Glasgow Boiler Repairs outside working hours, what happens to that enquiry?",84
Gas Glow,,Gas & Heating Engineering,"Boiler install, gas appliance fitting","Rutherglen, Glasgow",,,,,0141 291 5087,,,,,,,,,65,5.0,Likely - manual enquiry/quote handling typical for this business size,AI Receptionist; Lead Qualification; Job Scheduling,"Quick one. When someone contacts Gas Glow outside working hours, what happens to that enquiry?",84
"G.S. Plumbing, Heating & Gas",,Gas & Heating Engineering,"Boiler install, radiators, bathrooms","Giffnock, Glasgow",,,,,07952 030504,,,,,,,,,78,4.9,Likely - manual enquiry/quote handling typical for this business size,AI Receptionist; Lead Qualification; Job Scheduling,"Quick one. When someone contacts G.S. Plumbing, Heating & Gas outside working hours, what happens to that enquiry?",84
Nottingham Gas & Plumbing,,Gas & Plumbing Engineering,Emergency gas and plumbing services,"Forest Fields, Nottingham",,,,,0115 775 8080,,,,,,,,,138,4.8,Likely - manual enquiry/quote handling typical for this business size,AI Receptionist; Lead Qualification; Job Scheduling,"Quick one. When someone contacts Nottingham Gas & Plumbing outside working hours, what happens to that enquiry?",84
Gaswise UK,,Gas Engineering,"Boiler service, gas safety",Nottingham,,,,,07747 145211,,,,,,,,,87,4.7,Likely - manual enquiry/quote handling typical for this business size,AI Receptionist; Lead Qualification; Job Scheduling,"Quick one. When someone contacts Gaswise UK outside working hours, what happens to that enquiry?",84
Mega Gas Services Ltd,,Gas Engineering,"Boiler replacement, heating pipework",Nottingham,,,,,07913 906111,,,,,,,,,92,5.0,Likely - manual enquiry/quote handling typical for this business size,AI Receptionist; Lead Qualification; Job Scheduling,"Quick one. When someone contacts Mega Gas Services Ltd outside working hours, what happens to that enquiry?",84
Nottingham Plumbing and Heating Services,,Gas & Heating Engineering,"Boiler repair, gas pipe replacement","Carlton, Nottingham",,,,,07795 350018,,,,,,,,,133,4.8,Likely - manual enquiry/quote handling typical for this business size,AI Receptionist; Lead Qualification; Job Scheduling,"Quick one. When someone contacts Nottingham Plumbing and Heating Services outside working hours, what happens to that enquiry?",84
Phil Humberstone Plumbing And Heating,,Gas & Heating Engineering,Boiler install and servicing,"Mapperley, Nottingham",,,,,07774 277203,,,,,,,,,114,4.8,Likely - manual enquiry/quote handling typical for this business size,AI Receptionist; Lead Qualification; Job Scheduling,"Quick one. When someone contacts Phil Humberstone Plumbing And Heating outside working hours, what happens to that enquiry?",84
Efficient Maintenance Limited,,Building Services Maintenance,Electrical maintenance services,London EC2A,,,,,020 3005 5285,,,,,,,,,62,4.9,Likely - manual enquiry/quote handling typical for this business size,AI Receptionist; Job Scheduling; Internal Workflow Automation,"Quick one. When someone contacts Efficient Maintenance Limited outside working hours, what happens to that enquiry?",84
SCV Electrical Limited,,Electrical Engineering / Maintenance,"Electrical inspection, rewiring","Stepney Green, London",,,,,020 7123 8400,,,,,,,,,69,5.0,Likely - manual enquiry/quote handling typical for this business size,AI Receptionist; Job Scheduling; Internal Workflow Automation,"Quick one. When someone contacts SCV Electrical Limited outside working hours, what happens to that enquiry?",84
Eol Maintenance Services,,Building Services Maintenance,"Electrical, plumbing, general maintenance",London EC3V,,,,,020 8252 9789,,,,,,,,,70,4.9,Likely - manual enquiry/quote handling typical for this business size,AI Receptionist; Job Scheduling; Internal Workflow Automation,"Quick one. When someone contacts Eol Maintenance Services outside working hours, what happens to that enquiry?",84
DL Gas & Maintenance Ltd,,Gas & Building Maintenance,"Boiler servicing, gas supply, flue work","Bow, London",,,,,020 3370 2019,,,,,,,,,73,5.0,Likely - manual enquiry/quote handling typical for this business size,AI Receptionist; Job Scheduling; Internal Workflow Automation,"Quick one. When someone contacts DL Gas & Maintenance Ltd outside working hours, what happens to that enquiry?",84
The Construction Solutions Group Ltd,,Construction & Maintenance,"Plumbing, roofing, leak detection",London EC3V,,,,,0333 444 0254,,,,,,,,,64,4.9,Likely - manual enquiry/quote handling typical for this business size,AI Receptionist; Job Scheduling; Internal Workflow Automation,"Quick one. When someone contacts The Construction Solutions Group Ltd outside working hours, what happens to that enquiry?",84
Goff Petroleum (Tenterden),,Oil & Fuel Distribution,Heating oil delivery,"Tenterden, Kent",,,,,01892 513861,,,,,,,,,86,4.5,Likely - manual enquiry/quote handling typical for this business size,AI Receptionist; AI Voice Agent; Order Automation; Invoice Chasing,"Quick one. When a customer rings Goff Petroleum (Tenterden) to order fuel out of hours, what happens to that enquiry?",84
Western Fuel Depot,,Oil & Fuel Distribution,Heating oil and diesel delivery,"Bridgwater, Somerset",,,,,01278 431451,,,,,,,,,99,4.4,Likely - manual enquiry/quote handling typical for this business size,AI Receptionist; AI Voice Agent; Order Automation; Invoice Chasing,"Quick one. When a customer rings Western Fuel Depot to order fuel out of hours, what happens to that enquiry?",79
Bearwood Gas Services,,Gas Engineering,"Gas fire servicing, safety certificates","Bearwood, Birmingham",,,,,0121 429 7833,,,,,,,,,55,4.3,Likely - manual enquiry/quote handling typical for this business size,AI Receptionist; Lead Qualification; Job Scheduling,"Quick one. When someone contacts Bearwood Gas Services outside working hours, what happens to that enquiry?",79
United Fuels,,Oil Distribution,Heating oil delivery,"Skipton, N Yorkshire",,,,,01756 691222,,,,,,,,,55,3.8,Likely - manual enquiry/quote handling typical for this business size,AI Receptionist; AI Voice Agent; Order Automation; Invoice Chasing,"Quick one. When a customer rings United Fuels to order fuel out of hours, what happens to that enquiry?",79
Northern Energy Gas Ltd,,LPG & Oil Distribution,LPG and heating oil supply,"Hampsthwaite, Harrogate",,,,,01423 772789,,,,,,,,,111,4.3,Likely - manual enquiry/quote handling typical for this business size,AI Receptionist; AI Voice Agent; Order Automation; Invoice Chasing,"Quick one. When a customer rings Northern Energy Gas Ltd to order fuel out of hours, what happens to that enquiry?",79
Tate Oil,,Oil Distribution,Heating oil and fuel delivery,"Otley, Leeds",,,,,01943 467444,,,,,,,,,72,4.2,Likely - manual enquiry/quote handling typical for this business size,AI Receptionist; AI Voice Agent; Order Automation; Invoice Chasing,"Quick one. When a customer rings Tate Oil to order fuel out of hours, what happens to that enquiry?",79
Geoff Boorman Fuels,,Oil Distribution,Heating oil delivery,"Edenbridge, Kent",,,,,01732 863834,,,,,,,,,53,3.0,Likely - manual enquiry/quote handling typical for this business size,AI Receptionist; AI Voice Agent; Order Automation; Invoice Chasing,"Quick one. When a customer rings Geoff Boorman Fuels to order fuel out of hours, what happens to that enquiry?",79
Unitary Engineering Services Ltd,,Commercial Gas & Heating Engineering,"Commercial gas pipework, heat pumps, boiler install",Bristol,,,,,0117 951 9020,,,,,,,,,29,4.6,Likely - manual enquiry/quote handling typical for this business size,AI Receptionist; Lead Qualification; Job Scheduling,"Quick one. When someone contacts Unitary Engineering Services Ltd outside working hours, what happens to that enquiry?",78
Southern Fuels Ltd,,Oil Distribution,Heating oil delivery,"Honiton, Devon",,,,,01404 831775,,,,,,,,,18,4.5,Likely - manual enquiry/quote handling typical for this business size,AI Receptionist; AI Voice Agent; Order Automation; Invoice Chasing,"Quick one. When a customer rings Southern Fuels Ltd to order fuel out of hours, what happens to that enquiry?",78
EG Martin,,Oil Distribution,Heating oil delivery,"Westbury, Wiltshire",,,,,01373 822784,,,,,,,,,36,4.9,Likely - manual enquiry/quote handling typical for this business size,AI Receptionist; AI Voice Agent; Order Automation; Invoice Chasing,"Quick one. When a customer rings EG Martin to order fuel out of hours, what happens to that enquiry?",78
Shire Fuels Ltd,,Oil Distribution,Heating oil delivery,"Cinderford, Gloucestershire",,,,,01594 738139,,,,,,,,,10,5.0,Likely - manual enquiry/quote handling typical for this business size,AI Receptionist; AI Voice Agent; Order Automation; Invoice Chasing,"Quick one. When a customer rings Shire Fuels Ltd to order fuel out of hours, what happens to that enquiry?",78
Croft Engineering Bristol Ltd,,Industrial Engineering,"General engineering, machine shop repairs","Fishponds, Bristol",,,,,0117 958 3286,,,,,,,,,13,4.7,Likely - manual enquiry/quote handling typical for this business size,Quote Automation; Job Scheduling; CRM Automation,Quick one. How does Croft Engineering Bristol Ltd currently handle enquiry intake and quoting when the team is stretched?,78
Space Engineering Services,,Industrial Engineering,Engineering services and manufacturing,"Brislington, Bristol",,,,,0117 977 8833,,,,,,,,,13,4.5,Likely - manual enquiry/quote handling typical for this business size,Quote Automation; Job Scheduling; CRM Automation,Quick one. How does Space Engineering Services currently handle enquiry intake and quoting when the team is stretched?,78
Manchester Gas and Heating Ltd,,Gas & Heating Engineering,"Full heating system install, boiler service","Salford, Manchester",,,,,07960 042563,,,,,,,,,33,5.0,Likely - manual enquiry/quote handling typical for this business size,AI Receptionist; Lead Qualification; Job Scheduling,"Quick one. When someone contacts Manchester Gas and Heating Ltd outside working hours, what happens to that enquiry?",78
N Gas Services Uk Ltd,,Gas Engineering,"Boiler service, gas appliance install",Birmingham,,,,,07446 964536,,,,,,,,,19,4.8,Likely - manual enquiry/quote handling typical for this business size,AI Receptionist; Lead Qualification; Job Scheduling,"Quick one. When someone contacts N Gas Services Uk Ltd outside working hours, what happens to that enquiry?",78
LV Fuel and Oil Tank Services,,Oil Infrastructure Services,"Oil tank replacement, fuel services","Fellbeck, N Yorkshire",,,,,0800 799 9739,,,,,,,,,41,5.0,Likely - manual enquiry/quote handling typical for this business size,AI Receptionist; AI Voice Agent; Order Automation; Invoice Chasing,"Quick one. When a customer rings LV Fuel and Oil Tank Services to order fuel out of hours, what happens to that enquiry?",78
Lynx Fuels,,Oil Distribution,Kerosene and heating oil delivery,"Leeming Bar, Northallerton",,,,,01677 455140,,,,,,,,,33,4.8,Likely - manual enquiry/quote handling typical for this business size,AI Receptionist; AI Voice Agent; Order Automation; Invoice Chasing,"Quick one. When a customer rings Lynx Fuels to order fuel out of hours, what happens to that enquiry?",78
Kelwick Engineering (GKE) Ltd,,Industrial Engineering,Engineering consultancy and manufacturing,Sheffield,,,,,0114 294 5519,,,,,,,,,23,4.5,Likely - manual enquiry/quote handling typical for this business size,Quote Automation; Job Scheduling; CRM Automation,Quick one. How does Kelwick Engineering (GKE) Ltd currently handle enquiry intake and quoting when the team is stretched?,78
Mayflower Engineering Ltd,,Structural Steel Engineering,"Structural steel fabrication, major projects",Sheffield,,,,,0114 244 1353,,,,,,,,,27,4.6,Likely - manual enquiry/quote handling typical for this business size,AI Receptionist; Lead Qualification; Job Scheduling,"Quick one. When someone contacts Mayflower Engineering Ltd outside working hours, what happens to that enquiry?",78
Tinsley Bridge Group,,Industrial Engineering / Manufacturing,Engineering manufacturing,"Tinsley, Sheffield",,,,,0114 221 1111,,,,,,,,,12,4.8,Likely - manual enquiry/quote handling typical for this business size,Quote Automation; Job Scheduling; CRM Automation,Quick one. How does Tinsley Bridge Group currently handle enquiry intake and quoting when the team is stretched?,78
ScotWater,,Pipeline Contracting,"Lead pipe replacement, mains work",Edinburgh,,,,,0131 381 7770,,,,,,,,,16,5.0,Likely - manual enquiry/quote handling typical for this business size,Quote Automation; Job Scheduling; CRM Automation,Quick one. How does ScotWater currently handle enquiry intake and quoting when the team is stretched?,78
Trenchless Installations,,Pipeline Contracting,Trenchless lead pipe replacement,Edinburgh,,,,,07595 024915,,,,,,,,,38,5.0,Likely - manual enquiry/quote handling typical for this business size,Quote Automation; Job Scheduling; CRM Automation,Quick one. How does Trenchless Installations currently handle enquiry intake and quoting when the team is stretched?,78
The Waterman Scotland Ltd,,Water Infrastructure Contracting,"Borehole drilling, filtration systems","Bridge of Allan, Stirling",,,,,07917 906309,,,,,,,,,17,4.9,Likely - manual enquiry/quote handling typical for this business size,AI Receptionist; Lead Qualification; Job Scheduling,"Quick one. When someone contacts The Waterman Scotland Ltd outside working hours, what happens to that enquiry?",78
GasPlumb,,Gas & Plumbing Engineering,"Gas leak repair, servicing","Moortown, Leeds",,,,,07778 950491,,,,,,,,,41,4.9,Likely - manual enquiry/quote handling typical for this business size,AI Receptionist; Lead Qualification; Job Scheduling,"Quick one. When someone contacts GasPlumb outside working hours, what happens to that enquiry?",78
GSR Gas & Plumbing Services,,Gas & Plumbing Engineering,"Boiler repair, gas servicing","Meanwood, Leeds",,,,,07429 700844,,,,,,,,,47,5.0,Likely - manual enquiry/quote handling typical for this business size,AI Receptionist; Lead Qualification; Job Scheduling,"Quick one. When someone contacts GSR Gas & Plumbing Services outside working hours, what happens to that enquiry?",78
H W Humphreys & Son,,Oil Distribution,Heating oil delivery,"Porthmadog, Gwynedd",,,,,01766 513017,,,,,,,,,36,4.7,Likely - manual enquiry/quote handling typical for this business size,AI Receptionist; AI Voice Agent; Order Automation; Invoice Chasing,"Quick one. When a customer rings H W Humphreys & Son to order fuel out of hours, what happens to that enquiry?",78
Anglesey Oil Ltd / Olew Mon Cyf,,Oil Distribution,Heating oil delivery,"Gaerwen, Anglesey",,,,,01248 421641,,,,,,,,,23,4.7,Likely - manual enquiry/quote handling typical for this business size,AI Receptionist; AI Voice Agent; Order Automation; Invoice Chasing,"Quick one. When a customer rings Anglesey Oil Ltd / Olew Mon Cyf to order fuel out of hours, what happens to that enquiry?",78
Ideal Gas Solutions,,Gas Engineering,Boiler repair and servicing,Glasgow,,,,,07307 600250,,,,,,,,,31,5.0,Likely - manual enquiry/quote handling typical for this business size,AI Receptionist; Lead Qualification; Job Scheduling,"Quick one. When someone contacts Ideal Gas Solutions outside working hours, what happens to that enquiry?",78
Taylor Engineering & Fabrications Ltd,,Engineering & Fabrication,"Specialist welding, fabrication","Nechells, Birmingham",,,,,0121 326 9035,,,,,,,,,12,4.9,Likely - manual enquiry/quote handling typical for this business size,Quote Automation; Job Scheduling; CRM Automation,Quick one. How does Taylor Engineering & Fabrications Ltd currently handle enquiry intake and quoting when the team is stretched?,78
Progas Heating & Plumbing Services Ltd,,Gas & Heating Engineering,Boiler replacement and repair,Nottingham,,,,,07503 726428,,,,,,,,,22,5.0,Likely - manual enquiry/quote handling typical for this business size,AI Receptionist; Lead Qualification; Job Scheduling,"Quick one. When someone contacts Progas Heating & Plumbing Services Ltd outside working hours, what happens to that enquiry?",78
RMG Plumbing & Gas Services,,Gas & Plumbing Engineering,"Boiler servicing, commercial contracts","Gedling, Nottingham",,,,,07825 412721,,,,,,,,,15,5.0,Likely - manual enquiry/quote handling typical for this business size,AI Receptionist; Lead Qualification; Job Scheduling,"Quick one. When someone contacts RMG Plumbing & Gas Services outside working hours, what happens to that enquiry?",78
Notts Gas & Electrical Ltd,,Gas & Electrical Engineering,"Boiler fitting, EPC, fire risk assessment",Nottingham,,,,,0115 990 3308,,,,,,,,,28,5.0,Likely - manual enquiry/quote handling typical for this business size,AI Receptionist; Lead Qualification; Job Scheduling,"Quick one. When someone contacts Notts Gas & Electrical Ltd outside working hours, what happens to that enquiry?",78
Notts Heating & Plumbing,,Gas & Heating Engineering,"Cylinder replacement, boiler work",Nottingham,,,,,07825 216535,,,,,,,,,23,4.8,Likely - manual enquiry/quote handling typical for this business size,AI Receptionist; Lead Qualification; Job Scheduling,"Quick one. When someone contacts Notts Heating & Plumbing outside working hours, what happens to that enquiry?",78
HCE Contractor Limited,,Building Services Maintenance,"Boiler repair, plumbing, electrical","Neasden, London",,,,,07308 880222,,,,,,,,,14,4.9,Likely - manual enquiry/quote handling typical for this business size,AI Receptionist; Job Scheduling; Internal Workflow Automation,"Quick one. When someone contacts HCE Contractor Limited outside working hours, what happens to that enquiry?",78
Commercial Gas Safety Certificates Ltd,,Commercial Gas Engineering,CP42 catering gas safety certificates,London,,,,,07779 977899,,,,,,,,,34,4.4,Likely - manual enquiry/quote handling typical for this business size,AI Receptionist; Lead Qualification; Job Scheduling,"Quick one. When someone contacts Commercial Gas Safety Certificates Ltd outside working hours, what happens to that enquiry?",73
JCH London,,Commercial Gas Engineering,"Commercial boiler fit-outs, restaurant gas systems",London,,,,,020 7622 0937,,,,,,,,,6,5.0,Likely - manual enquiry/quote handling typical for this business size,AI Receptionist; Lead Qualification; Job Scheduling,"Quick one. When someone contacts JCH London outside working hours, what happens to that enquiry?",73
Moorland Fuels,,Oil Distribution,Heating oil delivery,"Okehampton, Devon",,,,,01837 55700,,,,,,,,,46,3.8,Likely - manual enquiry/quote handling typical for this business size,AI Receptionist; AI Voice Agent; Order Automation; Invoice Chasing,"Quick one. When a customer rings Moorland Fuels to order fuel out of hours, what happens to that enquiry?",73
Aztec Oils Southwest,,Oil Distribution,Fuel oil supply and delivery,"Newton Abbot, Devon",,,,,01626 835046,,,,,,,,,9,4.6,Likely - manual enquiry/quote handling typical for this business size,AI Receptionist; AI Voice Agent; Order Automation; Invoice Chasing,"Quick one. When a customer rings Aztec Oils Southwest to order fuel out of hours, what happens to that enquiry?",73
Kernow Oils Ltd,,Industrial Lubricants Distribution,Fluids and lubrication supply for industrial use,"Hayle, Cornwall",,,,,01736 757002,,,,,,,,,1,5.0,Likely - manual enquiry/quote handling typical for this business size,AI Receptionist; AI Voice Agent; Order Automation; Invoice Chasing,"Quick one. When a customer rings Kernow Oils Ltd to order fuel out of hours, what happens to that enquiry?",73
Lubricants SW Limited,,Industrial Lubricants Manufacturing,Lubricant manufacturing and supply,"Yelverton, Devon",,,,,01822 855885,,,,,,,,,1,5.0,Likely - manual enquiry/quote handling typical for this business size,Quote Automation; Job Scheduling; CRM Automation,"Quick one. When someone contacts Lubricants SW Limited outside working hours, what happens to that enquiry?",73
HNJ Engineering Ltd,,Industrial Engineering,Precision parts manufacturing,"Redcliffe, Bristol",,,,,07989 101458,,,,,,,,,3,5.0,Likely - manual enquiry/quote handling typical for this business size,Quote Automation; Job Scheduling; CRM Automation,Quick one. How does HNJ Engineering Ltd currently handle enquiry intake and quoting when the team is stretched?,73
Broadway Engineering Limited,,Industrial Engineering,General engineering,Bristol,,,,,0117 965 7585,,,,,,,,,11,4.2,Likely - manual enquiry/quote handling typical for this business size,Quote Automation; Job Scheduling; CRM Automation,Quick one. How does Broadway Engineering Limited currently handle enquiry intake and quoting when the team is stretched?,73
Fowlers of Bristol (Engineers) Ltd,,Industrial Engineering / Manufacturing,Engineering and manufacturing,"Avonmouth, Bristol",,,,,0117 982 8965,,,,,,,,,8,4.5,Likely - manual enquiry/quote handling typical for this business size,Quote Automation; Job Scheduling; CRM Automation,Quick one. How does Fowlers of Bristol (Engineers) Ltd currently handle enquiry intake and quoting when the team is stretched?,73
Wilsons Engineering Ltd,,Industrial Engineering,Custom engineering and fabrication,"Warmley, Bristol",,,,,0117 947 4390,,,,,,,,,7,4.7,Likely - manual enquiry/quote handling typical for this business size,Quote Automation; Job Scheduling; CRM Automation,Quick one. How does Wilsons Engineering Ltd currently handle enquiry intake and quoting when the team is stretched?,73
Pipeline & Construction Supplies Ltd,,Pipeline Supplies,Pipeline and construction materials supply,"Marchwood, Southampton",,,,,023 8042 8284,,,,,,,,,7,4.7,Likely - manual enquiry/quote handling typical for this business size,Quote Automation; Job Scheduling; CRM Automation,Quick one. How does Pipeline & Construction Supplies Ltd currently handle enquiry intake and quoting when the team is stretched?,73
Heartland Pipelines Limited,,Pipeline Contracting,"Water pipeline installation, directional drilling",Telford,,,,,01952 260505,,,,,,,,,2,5.0,Likely - manual enquiry/quote handling typical for this business size,Quote Automation; Job Scheduling; CRM Automation,Quick one. How does Heartland Pipelines Limited currently handle enquiry intake and quoting when the team is stretched?,73
Masters Pipeline Services Ltd,,Pipeline & Gas Contracting,"Pipeline services, gas leak repair",Bristol,,,,,0117 963 8887,,,,,,,,,21,3.9,Likely - manual enquiry/quote handling typical for this business size,Quote Automation; Job Scheduling; CRM Automation,Quick one. How does Masters Pipeline Services Ltd currently handle enquiry intake and quoting when the team is stretched?,73
Energy and Technical Services Ltd,,Energy Consultancy & Maintenance,Energy project consultancy,"Pill, Bristol",,,,,0117 379 0850,,,,,,,,,4,4.8,Likely - manual enquiry/quote handling typical for this business size,AI Receptionist; Job Scheduling; Internal Workflow Automation,"Quick one. When someone contacts Energy and Technical Services Ltd outside working hours, what happens to that enquiry?",73
HV Energy Systems Ltd,,Energy Systems Engineering,Energy systems services,"Yate, Bristol",,,,,01454 550424,,,,,,,,,1,5.0,Likely - manual enquiry/quote handling typical for this business size,AI Receptionist; Quote Automation; Email Automation,"Quick one. When someone contacts HV Energy Systems Ltd outside working hours, what happens to that enquiry?",73
Aberdeen Oilfield Services,,Oilfield Services,Oilfield support services,Aberdeen,,,,,01224 875500,,,,,,,,,1,5.0,Likely - manual enquiry/quote handling typical for this business size,Internal Workflow Automation; CRM Automation; AI Customer Support,"Quick one. When a customer rings Aberdeen Oilfield Services to order fuel out of hours, what happens to that enquiry?",73
CAN (Offshore) Ltd,,Offshore Engineering Services,"Offshore inspection, maintenance, access",Aberdeen,,,,,01224 870100,,,,,,,,,10,4.1,Likely - manual enquiry/quote handling typical for this business size,Internal Workflow Automation; CRM Automation; AI Customer Support,Quick one. How much time does the team at CAN (Offshore) Ltd lose to manual admin and internal coordination each week?,73
ADC Energy Ltd,,Energy Consultancy,Energy consultancy services,"Queen's Rd, Aberdeen",,,,,01224 209123,,,,,,,,,4,5.0,Likely - manual enquiry/quote handling typical for this business size,AI Receptionist; Quote Automation; Email Automation,"Quick one. When someone contacts ADC Energy Ltd outside working hours, what happens to that enquiry?",73
North Sea Energy Services Ltd,,Oilfield Services / Manufacturing,North Sea energy support services,"Dyce, Aberdeen",,,,,07515 382130,,,,,,,,,1,5.0,Likely - manual enquiry/quote handling typical for this business size,Internal Workflow Automation; CRM Automation; AI Customer Support,"Quick one. When a customer rings North Sea Energy Services Ltd to order fuel out of hours, what happens to that enquiry?",73
Helix Oilfield Services Ltd,,Oilfield Services,Oilfield support services,"Torry, Aberdeen",,,,,01224 240190,,,,,,,,,2,5.0,Likely - manual enquiry/quote handling typical for this business size,Internal Workflow Automation; CRM Automation; AI Customer Support,"Quick one. When a customer rings Helix Oilfield Services Ltd to order fuel out of hours, what happens to that enquiry?",73
Adapt Gas Solutions Limited,,Commercial Gas Services,Commercial gas / FM services,"Denton, Manchester",,,,,0161 526 5588,,,,,,,,,2,5.0,Likely - manual enquiry/quote handling typical for this business size,AI Receptionist; Lead Qualification; Job Scheduling,"Quick one. When someone contacts Adapt Gas Solutions Limited outside working hours, what happens to that enquiry?",73
Birmingham One Gas (B1-Gas),,Gas Engineering,"Boiler repair, plumbing",Birmingham,,,,,07713 694466,,,,,,,,,8,5.0,Likely - manual enquiry/quote handling typical for this business size,AI Receptionist; Lead Qualification; Job Scheduling,"Quick one. When someone contacts Birmingham One Gas (B1-Gas) outside working hours, what happens to that enquiry?",73
Guardian Gas Ltd,,Commercial & Domestic Gas Engineering,"Commercial and domestic gas, electrical",Birmingham,,,,,0121 458 2888,,,,,,,,,8,5.0,Likely - manual enquiry/quote handling typical for this business size,AI Receptionist; Lead Qualification; Job Scheduling,"Quick one. When someone contacts Guardian Gas Ltd outside working hours, what happens to that enquiry?",73
Yorkshire Oils Ltd,,Oil Distribution,Heating oil delivery,"Boroughbridge, N Yorkshire",,,,,01423 396789,,,,,,,,,9,5.0,Likely - manual enquiry/quote handling typical for this business size,AI Receptionist; AI Voice Agent; Order Automation; Invoice Chasing,"Quick one. When a customer rings Yorkshire Oils Ltd to order fuel out of hours, what happens to that enquiry?",73
Your NRG Yorkshire,,Oil Distribution,Heating oil supply,"Elvington, York",,,,,01904 409700,,,,,,,,,35,4.3,Likely - manual enquiry/quote handling typical for this business size,AI Receptionist; AI Voice Agent; Order Automation; Invoice Chasing,"Quick one. When a customer rings Your NRG Yorkshire to order fuel out of hours, what happens to that enquiry?",73
Rix Petroleum - North Yorkshire,,Oil Distribution,Heating oil and fuel delivery,"Malton, N Yorkshire",,,,,01944 728243,,,,,,,,,1,5.0,Likely - manual enquiry/quote handling typical for this business size,AI Receptionist; AI Voice Agent; Order Automation; Invoice Chasing,"Quick one. When a customer rings Rix Petroleum - North Yorkshire to order fuel out of hours, what happens to that enquiry?",73
Rix Petroleum - Yorkshire & Humber,,Oil Distribution,Heating oil and fuel delivery,Hull,,,,,01482 407006,,,,,,,,,15,3.4,Likely - manual enquiry/quote handling typical for this business size,AI Receptionist; AI Voice Agent; Order Automation; Invoice Chasing,"Quick one. When a customer rings Rix Petroleum - Yorkshire & Humber to order fuel out of hours, what happens to that enquiry?",73
Majestic Engineering,,Industrial Engineering,Precision manufacturing,"Darnall, Sheffield",,,,,0114 256 1459,,,,,,,,,1,5.0,Likely - manual enquiry/quote handling typical for this business size,Quote Automation; Job Scheduling; CRM Automation,Quick one. How does Majestic Engineering currently handle enquiry intake and quoting when the team is stretched?,73
Ewen Precision Engineering,,Precision Engineering,"Precision component manufacturing, ISO accredited","Tinsley, Sheffield",,,,,0114 242 3332,,,,,,,,,1,5.0,Likely - manual enquiry/quote handling typical for this business size,Quote Automation; Job Scheduling; CRM Automation,Quick one. How does Ewen Precision Engineering currently handle enquiry intake and quoting when the team is stretched?,73
Ekspan Limited,,Industrial Engineering / Manufacturing,"Precision manufacturing, reverse engineering",Sheffield,,,,,0114 261 1126,,,,,,,,,4,5.0,Likely - manual enquiry/quote handling typical for this business size,Quote Automation; Job Scheduling; CRM Automation,Quick one. How does Ekspan Limited currently handle enquiry intake and quoting when the team is stretched?,73
Coltech Precision Engineering,,Precision Engineering,Precision engineering services,Sheffield,,,,,0114 242 4281,,,,,,,,,4,5.0,Likely - manual enquiry/quote handling typical for this business size,Quote Automation; Job Scheduling; CRM Automation,Quick one. How does Coltech Precision Engineering currently handle enquiry intake and quoting when the team is stretched?,73
Engineering CFD Ltd,,Engineering Consultancy,Computational fluid dynamics consultancy,Sheffield,,,,,0114 296 1005,,,,,,,,,2,5.0,Likely - manual enquiry/quote handling typical for this business size,AI Receptionist; Lead Qualification; Job Scheduling,"Quick one. When someone contacts Engineering CFD Ltd outside working hours, what happens to that enquiry?",73
T T S Precision Engineering Ltd,,Precision Engineering,Precision engineering services,Sheffield,,,,,0114 243 4708,,,,,,,,,3,4.7,Likely - manual enquiry/quote handling typical for this business size,Quote Automation; Job Scheduling; CRM Automation,Quick one. How does T T S Precision Engineering Ltd currently handle enquiry intake and quoting when the team is stretched?,73
Water and Pipeline Services,,Pipeline Contracting,Pipeline installation and services,Falkirk,,,,,01324 611353,,,,,,,,,6,5.0,Likely - manual enquiry/quote handling typical for this business size,Quote Automation; Job Scheduling; CRM Automation,Quick one. How does Water and Pipeline Services currently handle enquiry intake and quoting when the team is stretched?,73
Pipeline Drillers Ltd,,Pipeline Contracting,Pipeline drilling services,"Stewarton, Kilmarnock",,,,,01560 482021,,,,,,,,,1,5.0,Likely - manual enquiry/quote handling typical for this business size,Quote Automation; Job Scheduling; CRM Automation,Quick one. How does Pipeline Drillers Ltd currently handle enquiry intake and quoting when the team is stretched?,73
B&S Pipeline Solutions Ltd,,Pipeline & Drainage Services,"Drainage clearance, pipeline solutions","Fochabers, Moray",,,,,01343 821775,,,,,,,,,6,4.5,Likely - manual enquiry/quote handling typical for this business size,Quote Automation; Job Scheduling; CRM Automation,Quick one. How does B&S Pipeline Solutions Ltd currently handle enquiry intake and quoting when the team is stretched?,73
FPP Scotland Ltd,,Pipeline & Building Supplies,Pipeline and construction materials supply,"Hillington, Glasgow",,,,,0141 882 6200,,,,,,,,,7,4.7,Likely - manual enquiry/quote handling typical for this business size,Quote Automation; Job Scheduling; CRM Automation,Quick one. How does FPP Scotland Ltd currently handle enquiry intake and quoting when the team is stretched?,73
Hyde Gas Services,,Gas Engineering,Boiler repair and servicing,"Armley, Leeds",,,,,07746 823917,,,,,,,,,7,5.0,Likely - manual enquiry/quote handling typical for this business size,AI Receptionist; Lead Qualification; Job Scheduling,"Quick one. When someone contacts Hyde Gas Services outside working hours, what happens to that enquiry?",73
Dual Flame Plumber Leeds,,Gas & Plumbing Engineering,"Emergency plumbing, boiler repair","Armley, Leeds",,,,,0113 892 1029,,,,,,,,,8,5.0,Likely - manual enquiry/quote handling typical for this business size,AI Receptionist; Lead Qualification; Job Scheduling,"Quick one. When someone contacts Dual Flame Plumber Leeds outside working hours, what happens to that enquiry?",73
Gastech 24/7,,Gas & Heating Engineering,24/7 emergency gas and heating,Leeds,,,,,07598 088229,,,,,,,,,7,5.0,Likely - manual enquiry/quote handling typical for this business size,AI Receptionist; Lead Qualification; Job Scheduling,"Quick one. When someone contacts Gastech 24/7 outside working hours, what happens to that enquiry?",73
Oil 4 Wales Llantrisant,,Oil Distribution,Heating oil and fuel supply,"Pontyclun, RCT",,,,,01443 800820,,,,,,,,,30,3.5,Likely - manual enquiry/quote handling typical for this business size,AI Receptionist; AI Voice Agent; Order Automation; Invoice Chasing,"Quick one. When a customer rings Oil 4 Wales Llantrisant to order fuel out of hours, what happens to that enquiry?",73
Jarman W T & Sons,,Oil Distribution,Heating oil delivery,"Lampeter, Ceredigion",,,,,01570 422434,,,,,,,,,9,4.9,Likely - manual enquiry/quote handling typical for this business size,AI Receptionist; AI Voice Agent; Order Automation; Invoice Chasing,"Quick one. When a customer rings Jarman W T & Sons to order fuel out of hours, what happens to that enquiry?",73
Bracebridge Engineering Ltd,,Industrial Engineering / Manufacturing,Engineering manufacturing,"Perry Barr, Birmingham",,,,,0121 331 1503,,,,,,,,,4,5.0,Likely - manual enquiry/quote handling typical for this business size,Quote Automation; Job Scheduling; CRM Automation,Quick one. How does Bracebridge Engineering Ltd currently handle enquiry intake and quoting when the team is stretched?,73
Propbrook Engineering Ltd,,Precision Engineering,Precision engineering manufacturing,Birmingham,,,,,0121 359 7097,,,,,,,,,4,5.0,Likely - manual enquiry/quote handling typical for this business size,Quote Automation; Job Scheduling; CRM Automation,Quick one. How does Propbrook Engineering Ltd currently handle enquiry intake and quoting when the team is stretched?,73
Wilco Manufacturing Ltd,,Industrial Manufacturing,Manufacturing and supply,"Tyseley, Birmingham",,,,,0121 772 6212,,,,,,,,,4,5.0,Likely - manual enquiry/quote handling typical for this business size,Quote Automation; Job Scheduling; CRM Automation,"Quick one. When someone contacts Wilco Manufacturing Ltd outside working hours, what happens to that enquiry?",73
Edmar Engineering Company Ltd,,Industrial Engineering,Engineering services,Birmingham,,,,,0121 327 1022,,,,,,,,,4,4.8,Likely - manual enquiry/quote handling typical for this business size,Quote Automation; Job Scheduling; CRM Automation,Quick one. How does Edmar Engineering Company Ltd currently handle enquiry intake and quoting when the team is stretched?,73
Conway Precision Engineering,,Precision Engineering,Precision engineering manufacturing,Birmingham,,,,,0121 327 2301,,,,,,,,,4,4.8,Likely - manual enquiry/quote handling typical for this business size,Quote Automation; Job Scheduling; CRM Automation,Quick one. How does Conway Precision Engineering currently handle enquiry intake and quoting when the team is stretched?,73
Brand Mechanical Engineering Ltd,,Mechanical Engineering,Precision mechanical engineering,Birmingham,,,,,0121 327 6622,,,,,,,,,3,5.0,Likely - manual enquiry/quote handling typical for this business size,AI Receptionist; Lead Qualification; Job Scheduling,"Quick one. When someone contacts Brand Mechanical Engineering Ltd outside working hours, what happens to that enquiry?",73
Shaw Pipework and Fabrication,,Industrial Pipe Fabrication,Pipework fabrication and installation,"Stalybridge, Manchester",,,,,020 4541 2201,,,,,,,,,3,5.0,Likely - manual enquiry/quote handling typical for this business size,Quote Automation; Job Scheduling; CRM Automation,Quick one. How does Shaw Pipework and Fabrication currently handle enquiry intake and quoting when the team is stretched?,73
Humphreys Pipe Fabricators Limited,,Industrial Pipe Fabrication,Pipe fabrication services,"Harlow, Essex",,,,,01279 436623,,,,,,,,,3,5.0,Likely - manual enquiry/quote handling typical for this business size,Quote Automation; Job Scheduling; CRM Automation,Quick one. How does Humphreys Pipe Fabricators Limited currently handle enquiry intake and quoting when the team is stretched?,73
Abbey Pipework Fabricators Ltd,,Industrial Pipe Fabrication,Pipework fabrication,"Basildon, Essex",,,,,01268 526723,,,,,,,,,2,5.0,Likely - manual enquiry/quote handling typical for this business size,Quote Automation; Job Scheduling; CRM Automation,Quick one. How does Abbey Pipework Fabricators Ltd currently handle enquiry intake and quoting when the team is stretched?,73
Willand Engineering Company Ltd,,Industrial Engineering / Fabrication,"Stainless steel fabrication, tank installation",Halifax,,,,,01422 369000,,,,,,,,,3,4.7,Likely - manual enquiry/quote handling typical for this business size,Quote Automation; Job Scheduling; CRM Automation,Quick one. How does Willand Engineering Company Ltd currently handle enquiry intake and quoting when the team is stretched?,73
Pipe Services Ltd,,Pipeline Supplies,Pipe supply and services,"Belvedere, Kent",,,,,020 8311 2111,,,,,,,,,1,5.0,Likely - manual enquiry/quote handling typical for this business size,Quote Automation; Job Scheduling; CRM Automation,Quick one. How does Pipe Services Ltd currently handle enquiry intake and quoting when the team is stretched?,73
Projects and Maintenance Ltd,,Industrial Maintenance Contracting,Pipework projects and maintenance,"Basildon, Essex",,,,,01268 288754,,,,,,,,,3,5.0,Likely - manual enquiry/quote handling typical for this business size,AI Receptionist; Job Scheduling; Internal Workflow Automation,"Quick one. When someone contacts Projects and Maintenance Ltd outside working hours, what happens to that enquiry?",73
Pipework Limited,,Industrial Pipework,Pipework installation and manufacturing,"Chadderton, Oldham",,,,,0161 633 4879,,,,,,,,,8,4.5,Likely - manual enquiry/quote handling typical for this business size,AI Receptionist; Lead Qualification; Job Scheduling,"Quick one. When someone contacts Pipework Limited outside working hours, what happens to that enquiry?",73
Fuel Oils (Holdings) Ltd - Erith,,Oil & Fuel Distribution,Heating oil and fuel delivery,"Erith, Kent",,,,,01322 349035,,,,,,,,,14,4.4,Likely - manual enquiry/quote handling typical for this business size,AI Receptionist; AI Voice Agent; Order Automation; Invoice Chasing,"Quick one. When a customer rings Fuel Oils (Holdings) Ltd - Erith to order fuel out of hours, what happens to that enquiry?",73
D&A Oil Tanks,,Oil Infrastructure Services,Oil tank replacement and installation,"Cranbrook, Kent",,,,,01580 715762,,,,,,,,,4,4.8,Likely - manual enquiry/quote handling typical for this business size,AI Receptionist; AI Voice Agent; Order Automation; Invoice Chasing,"Quick one. When a customer rings D&A Oil Tanks to order fuel out of hours, what happens to that enquiry?",73
Australis Distribution,,Fuel Distribution,Fuel distribution and supply,"Bethersden, Ashford, Kent",,,,,0845 456 0639,,,,,,,,,1,5.0,Likely - manual enquiry/quote handling typical for this business size,AI Receptionist; AI Voice Agent; Order Automation; Invoice Chasing,"Quick one. When a customer rings Australis Distribution to order fuel out of hours, what happens to that enquiry?",73
Pipeline Services (UK) Ltd,,Pipeline Contracting,Pipeline installation and maintenance,"Shirebrook, Mansfield",,,,,01623 740074,,,,,,,,,4,4.3,Likely - manual enquiry/quote handling typical for this business size,Quote Automation; Job Scheduling; CRM Automation,Quick one. How does Pipeline Services (UK) Ltd currently handle enquiry intake and quoting when the team is stretched?,68
Oil States Industries (UK) Ltd,,Oilfield Equipment Manufacturing,Offshore oilfield equipment,"Nigg, Aberdeen",,,,,01224 290000,,,,,,,,,4,4.0,Likely - manual enquiry/quote handling typical for this business size,Internal Workflow Automation; CRM Automation; AI Customer Support,"Quick one. When a customer rings Oil States Industries (UK) Ltd to order fuel out of hours, what happens to that enquiry?",68
Lionrock Energy Services Ltd,,Oilfield Services,Energy support services,"Dyce, Aberdeen",,,,,01224 680299,,,,,,,,,3,4.3,Likely - manual enquiry/quote handling typical for this business size,Internal Workflow Automation; CRM Automation; AI Customer Support,"Quick one. When a customer rings Lionrock Energy Services Ltd to order fuel out of hours, what happens to that enquiry?",68
Aquaterra Energy Aberdeen Ltd,,Offshore Engineering,Offshore engineering solutions,Aberdeen,,,,,01224 651250,,,,,,,,,,,Likely - manual enquiry/quote handling typical for this business size,Internal Workflow Automation; CRM Automation; AI Customer Support,Quick one. How much time does the team at Aquaterra Energy Aberdeen Ltd lose to manual admin and internal coordination each week?,68
On Time Heating Services Ltd,,Gas & Heating Engineering,"Plumbing, heating, full property works",Birmingham,,,,,07800 600394,,,,,,,,,7,4.4,Likely - manual enquiry/quote handling typical for this business size,AI Receptionist; Lead Qualification; Job Scheduling,"Quick one. When someone contacts On Time Heating Services Ltd outside working hours, what happens to that enquiry?",68
Watson Fuels York,,Oil Distribution,Heating oil delivery,"Riccall, York",,,,,01757 248220,,,,,,,,,5,3.4,Likely - manual enquiry/quote handling typical for this business size,AI Receptionist; AI Voice Agent; Order Automation; Invoice Chasing,"Quick one. When a customer rings Watson Fuels York to order fuel out of hours, what happens to that enquiry?",68
A E T Ltd (Advanced Engineering Techniques),,Industrial Engineering,Special steel products manufacturing,"Holbrook, Sheffield",,,,,0114 247 5725,,,,,,,,,8,4.4,Likely - manual enquiry/quote handling typical for this business size,Quote Automation; Job Scheduling; CRM Automation,Quick one. How does A E T Ltd (Advanced Engineering Techniques) currently handle enquiry intake and quoting when the team is stretched?,68
Pipeline Energy Solutions Ltd,,Gas Pipeline Contracting,"Gas mains replacement, excavation",Paisley,,,,,0800 069 9404,,,,,,,,,5,4.2,Likely - manual enquiry/quote handling typical for this business size,Quote Automation; Job Scheduling; CRM Automation,Quick one. How does Pipeline Energy Solutions Ltd currently handle enquiry intake and quoting when the team is stretched?,68
Total Pipeline Technology Ltd,,Pipeline Technology / Manufacturing,Pipeline technology and equipment,"Blantyre, Glasgow",,,,,0141 428 3908,,,,,,,,,,,Likely - manual enquiry/quote handling typical for this business size,Quote Automation; Job Scheduling; CRM Automation,Quick one. How does Total Pipeline Technology Ltd currently handle enquiry intake and quoting when the team is stretched?,68
Oil 4 Wales (Milford Haven),,Oil Distribution & Boiler Services,"Heating oil, boiler service and engineering","Milford Haven, Pembrokeshire",,,,,01646 692255,,,,,,,,,5,3.4,Likely - manual enquiry/quote handling typical for this business size,AI Receptionist; AI Voice Agent; Order Automation; Invoice Chasing,"Quick one. When a customer rings Oil 4 Wales (Milford Haven) to order fuel out of hours, what happens to that enquiry?",68
Commercial Gas Ltd,,Commercial Gas Engineering,Commercial gas services,"Hillington, Glasgow",,,,,0141 891 5315,,,,,,,,,,,Likely - manual enquiry/quote handling typical for this business size,AI Receptionist; Lead Qualification; Job Scheduling,"Quick one. When someone contacts Commercial Gas Ltd outside working hours, what happens to that enquiry?",68
Commercial Gas Solutions Ltd,,Commercial Gas Engineering,Commercial gas services,Glasgow,,,,,07941 485268,,,,,,,,,,,Likely - manual enquiry/quote handling typical for this business size,AI Receptionist; Lead Qualification; Job Scheduling,"Quick one. When someone contacts Commercial Gas Solutions Ltd outside working hours, what happens to that enquiry?",68
Advanced Engineering (UK) Ltd,,Industrial Engineering / Manufacturing,Engineering manufacturing,Birmingham,,,,,0121 523 4363,,,,,,,,,5,4.2,Likely - manual enquiry/quote handling typical for this business size,Quote Automation; Job Scheduling; CRM Automation,Quick one. How does Advanced Engineering (UK) Ltd currently handle enquiry intake and quoting when the team is stretched?,68
Pipe Services Fabrication Ltd (PSFL),,Industrial Pipe Fabrication,Pipe fabrication and supply,London SE7,,,,,020 8858 2626,,,,,,,,,5,4.0,Likely - manual enquiry/quote handling typical for this business size,Quote Automation; Job Scheduling; CRM Automation,Quick one. How does Pipe Services Fabrication Ltd (PSFL) currently handle enquiry intake and quoting when the team is stretched?,68
Pipework Fabrication Services Ltd,,Industrial Pipe Fabrication,Pipework fabrication and supply,"Sandbach, Cheshire",,,,,07903 144555,,,,,,,,,,,Likely - manual enquiry/quote handling typical for this business size,Quote Automation; Job Scheduling; CRM Automation,Quick one. How does Pipework Fabrication Services Ltd currently handle enquiry intake and quoting when the team is stretched?,68
Fuel Oils (Holdings) Ltd - Canterbury,,Oil & Fuel Distribution,Heating oil delivery,"Canterbury, Kent",,,,,01227 464282,,,,,,,,,3,2.3,Likely - manual enquiry/quote handling typical for this business size,AI Receptionist; AI Voice Agent; Order Automation; Invoice Chasing,"Quick one. When a customer rings Fuel Oils (Holdings) Ltd - Canterbury to order fuel out of hours, what happens to that enquiry?",68
Wyse Oil Ltd,,Oil Distribution,Heating oil supply,"Charing, Ashford, Kent",,,,,01233 714217,,,,,,,,,,,Likely - manual enquiry/quote handling typical for this business size,AI Receptionist; AI Voice Agent; Order Automation; Invoice Chasing,"Quick one. When a customer rings Wyse Oil Ltd to order fuel out of hours, what happens to that enquiry?",68
Rygol Electrical & Renewables,,Renewable Energy / Electrical,"Rewires, solar, battery installation","Staple Hill, Bristol",,,,,0117 313 7644,,,,,,,,,146,5.0,Likely - manual enquiry/quote handling typical for this business size,AI Receptionist; Quote Automation; Email Automation,"Quick one. When someone contacts Rygol Electrical & Renewables outside working hours, what happens to that enquiry?",59
Focus 360 Energy LTD,,Energy Assessment,EPC assessments,"Clifton, Bristol",,,,,0117 287 2899,,,,,,,,,115,4.7,Likely - manual enquiry/quote handling typical for this business size,AI Receptionist; Quote Automation; Email Automation,"Quick one. When someone contacts Focus 360 Energy LTD outside working hours, what happens to that enquiry?",59
SHiNE / EPC Bristol,,Energy Assessment,EPC certification,"Redcliffe, Bristol",,,,,07722 287177,,,,,,,,,116,5.0,Likely - manual enquiry/quote handling typical for this business size,AI Receptionist; Quote Automation; Email Automation,"Quick one. When someone contacts SHiNE / EPC Bristol outside working hours, what happens to that enquiry?",59
Ignite Gas Plumbing & Electrics Ltd,,"Gas, Plumbing & Electrical","Boiler servicing, plumbing, electrics","Old Basford, Nottingham",,,,,07494 671891,,,,,,,,,57,5.0,Likely - manual enquiry/quote handling typical for this business size,AI Receptionist; Lead Qualification; Job Scheduling,"Quick one. When someone contacts Ignite Gas Plumbing & Electrics Ltd outside working hours, what happens to that enquiry?",59
Go Green Solar Ltd,,Renewable Energy Installation,"Solar PV, battery, gas boiler installation",Bristol,,,,,0117 964 0078,,,,,,,,,24,4.8,Likely - manual enquiry/quote handling typical for this business size,AI Receptionist; Quote Automation; Email Automation,"Quick one. When someone contacts Go Green Solar Ltd outside working hours, what happens to that enquiry?",53
Willis Electrical Ltd,,Renewable Energy / Electrical,"Solar, battery, EV charger installation",Bristol,,,,,0117 287 2947,,,,,,,,,19,5.0,Likely - manual enquiry/quote handling typical for this business size,AI Receptionist; Quote Automation; Email Automation,"Quick one. When someone contacts Willis Electrical Ltd outside working hours, what happens to that enquiry?",53
Neptune E&P UK,,Oil & Gas Exploration/Production,North Sea exploration and production,Aberdeen,,,,,01224 281000,,,,,,,,,12,4.7,Likely - manual enquiry/quote handling typical for this business size,Internal Workflow Automation; CRM Automation; AI Customer Support,"Quick one. When a customer rings Neptune E&P UK to order fuel out of hours, what happens to that enquiry?",53
NEO NEXT+,,Oil & Gas Operations,North Sea oil and gas operator,Aberdeen,,,,,01224 352500,,,,,,,,,25,4.5,Likely - manual enquiry/quote handling typical for this business size,AI Receptionist; AI Voice Agent; Order Automation; Invoice Chasing,"Quick one. When a customer rings NEO NEXT+ to order fuel out of hours, what happens to that enquiry?",53
Swire Energy Services,,Energy Equipment & Services,"Offshore containers, energy equipment services",Aberdeen,,,,,01224 872707,,,,,,,,,10,5.0,Likely - manual enquiry/quote handling typical for this business size,AI Receptionist; Quote Automation; Email Automation,"Quick one. When someone contacts Swire Energy Services outside working hours, what happens to that enquiry?",53
Intrelec Ltd,,Electrical & Mechanical Services,Electrical installation and maintenance,London SW18,,,,,020 8261 7600,,,,,,,,,10,5.0,Likely - manual enquiry/quote handling typical for this business size,AI Receptionist; Lead Qualification; Job Scheduling,"Quick one. When someone contacts Intrelec Ltd outside working hours, what happens to that enquiry?",53
JCW Energy Services,,Energy Services,Energy services,Bristol,,,,,0117 952 2571,,,,,,,,,1,5.0,Likely - manual enquiry/quote handling typical for this business size,AI Receptionist; Quote Automation; Email Automation,"Quick one. When someone contacts JCW Energy Services outside working hours, what happens to that enquiry?",48
Spirit Energy,,Oil & Gas Exploration/Production,Oil and gas exploration and production,Aberdeen,,,,,01224 415000,,,,,,,,,20,3.8,Likely - manual enquiry/quote handling typical for this business size,Internal Workflow Automation; CRM Automation; AI Customer Support,"Quick one. When a customer rings Spirit Energy to order fuel out of hours, what happens to that enquiry?",48
Cornerstone Oil & Gas Ltd,,Oil & Gas Services,Oil and gas services,"Hill of Rubislaw, Aberdeen",,,,,01224 466718,,,,,,,,,2,5.0,Likely - manual enquiry/quote handling typical for this business size,AI Receptionist; AI Voice Agent; Order Automation; Invoice Chasing,"Quick one. When a customer rings Cornerstone Oil & Gas Ltd to order fuel out of hours, what happens to that enquiry?",48
Ithaca Energy,,Oil & Gas Exploration/Production,North Sea oil and gas production,"Hill of Rubislaw, Aberdeen",,,,,01224 334000,,,,,,,,,3,4.7,Likely - manual enquiry/quote handling typical for this business size,Internal Workflow Automation; CRM Automation; AI Customer Support,"Quick one. When a customer rings Ithaca Energy to order fuel out of hours, what happens to that enquiry?",48
DAMM Environmental,,Drainage & Environmental Services,"Drainage, water removal, environmental services","Hillington, Glasgow",,,,,0141 810 2460,,,,,,,,,20,3.6,Likely - manual enquiry/quote handling typical for this business size,AI Receptionist; Lead Qualification; Job Scheduling,"Quick one. When someone contacts DAMM Environmental outside working hours, what happens to that enquiry?",48
CNR International UK Ltd,,Oil & Gas Exploration/Production,North Sea oil and gas operations,Aberdeen,,,,,01224 303600,,,,,,,,,8,4.3,Likely - manual enquiry/quote handling typical for this business size,Internal Workflow Automation; CRM Automation; AI Customer Support,"Quick one. When a customer rings CNR International UK Ltd to order fuel out of hours, what happens to that enquiry?",43
Zenith Energy,,Oil & Gas Operations,Oil and gas operations,"Bon-Accord Square, Aberdeen",,,,,01224 460100,,,,,,,,,3,3.0,Likely - manual enquiry/quote handling typical for this business size,AI Receptionist; AI Voice Agent; Order Automation; Invoice Chasing,"Quick one. When a customer rings Zenith Energy to order fuel out of hours, what happens to that enquiry?",43
