Rank,Company,Score,What They Do,Phone,Website,What To Pitch
1,HydroGreen Heating and Gas Engineering,99,"Boiler repair, gas safety certs",07443 365157,not checked yet,Call answering - 543 reviews of inbound landing on one mobile while they are out on jobs
2,Pipe Guys (Bham) Ltd,98,"Gas line install, boiler fitting",07869 837241,not checked yet,Call answering - 409 reviews of inbound landing on one mobile while they are out on jobs
3,The Gas Pro,96,"Boiler installation, gas servicing",07830 448127,not checked yet,Call answering - 259 reviews of inbound landing on one mobile while they are out on jobs
4,Blaymires Plumbing & Heating,96,"Boiler installation, emergency repair",07961 863549,not checked yet,Call answering - 267 reviews of inbound landing on one mobile while they are out on jobs
5,I-Fix Gas & Heating,95,"Boiler replacement, radiator work",07598 278491,not checked yet,Call answering - 187 reviews of inbound landing on one mobile while they are out on jobs
6,Secure Gas 247,95,"Emergency boiler repair, gas certs",07515 314131,not checked yet,Call answering - 198 reviews of inbound landing on one mobile while they are out on jobs
7,Oil Tank Replacements Ltd,94,Oil tank replacement and decommissioning,07875 639214,not checked yet,Call answering - 180 reviews of inbound landing on one mobile while they are out on jobs
8,Gas Safety Manchester Limited,94,"Gas safety certificates, appliance connection",07546 245568,not checked yet,Call answering - 168 reviews of inbound landing on one mobile while they are out on jobs
9,SA Heating Services,92,"Boiler install, powerflushing",07507 809262,not checked yet,Call answering - 153 reviews of inbound landing on one mobile while they are out on jobs
10,Gas & Plumbing Services Leeds,91,"Boiler repair, install",07552 765263,not checked yet,Call answering - owner misses enquiries while out on site
11,SHiNE / EPC Bristol,91,EPC certification,07722 287177,not checked yet,Out-of-hours cover - a missed call is a lost contract
12,A+R Central Heating,90,"Boiler repair, heating service contracts",0161 220 3712,not checked yet,"Online booking + enquiry handling - 1581 reviews of demand, all funnelled through the office phone"
13,Nottingham Plumbing and Heating Services,90,"Boiler repair, gas pipe replacement",07795 350018,not checked yet,Call answering - owner misses enquiries while out on site
14,MCR Gas,89,"Boiler install, service",0161 660 6063,not checked yet,"Online booking + enquiry handling - 467 reviews of demand, all funnelled through the office phone"
15,Phil Humberstone Plumbing And Heating,89,Boiler install and servicing,07774 277203,not checked yet,Call answering - owner misses enquiries while out on site
16,Peter Foster Engineering Ltd,88,Structural calculations and design,07725 986933,not checked yet,Call answering - owner misses enquiries while out on site
17,Mega Gas Services Ltd,88,"Boiler replacement, heating pipework",07913 906111,not checked yet,Call answering - owner misses enquiries while out on site
18,Gas Safe (Bristol),87,"Gas, electrical",0117 964 0078,not checked yet,"Online booking + enquiry handling - 313 reviews of demand, all funnelled through the office phone"
19,Plumbco Heating,87,"Boiler install, AC",0117 901 2266,not checked yet,"Online booking + enquiry handling - 286 reviews of demand, all funnelled through the office phone"
20,Hybrid Heating and Gas LTD,87,"Gas safety, oil-fired boiler service and install",07515 535835,not checked yet,Call answering - owner misses enquiries while out on site
21,Core Plumbing Heating Gas Ltd,86,"Boiler repair, extension plumbing",07506 298849,not checked yet,Call answering - owner misses enquiries while out on site
22,"G.S. Plumbing, Heating & Gas",86,"Boiler install, radiators",07952 030504,not checked yet,Call answering - owner misses enquiries while out on site
23,Gaswise Engineering,85,"Boiler install, gas engineering",07514 717070,not checked yet,Call answering - owner misses enquiries while out on site
24,IFix Gas Glasgow,85,"Boiler replacement, gas leak repair",07835 060679,not checked yet,Call answering - owner misses enquiries while out on site
25,Trenchless Installations,85,Trenchless lead pipe replacement,07595 024915,not checked yet,Quote turnaround - enquiries sit in an inbox between jobs
26,"Gregor Heating, Electrical & Renewable Energy",84,"Heating, EV",0117 935 2400,not checked yet,"Online booking + enquiry handling - 340 reviews of demand, all funnelled through the office phone"
27,Osprey Engineering Solutions Ltd,83,Engineering recruitment and consultancy,0121 720 3356,not checked yet,Out-of-hours cover - a missed call is a lost contract
28,Ashton Gas,83,"Gas safety checks, boiler servicing",0117 370 1849,not checked yet,"Online booking + enquiry handling - 165 reviews of demand, all funnelled through the office phone"
29,Gaswise UK,83,"Boiler service, gas safety",07747 145211,not checked yet,Call answering - owner misses enquiries while out on site
30,Bristol Gas Servicing Ltd,82,"Boiler repair, replacement",07453 279004,not checked yet,Call answering - owner misses enquiries while out on site
31,Glasgow Boiler Repairs,82,"Boiler install, radiator systems",0141 766 1511,not checked yet,"Online booking + enquiry handling - 154 reviews of demand, all funnelled through the office phone"
32,The Waterman Scotland Ltd,82,"Borehole drilling, filtration systems",07917 906309,not checked yet,Quote turnaround - enquiries sit in an inbox between jobs
33,Rygol Electrical & Renewables,81,"Rewires, solar",0117 313 7644,not checked yet,Website + call answering - check what they have first
34,Ignite Gas Plumbing & Electrics Ltd,81,"Boiler servicing, plumbing",07494 671891,not checked yet,Call answering - owner misses enquiries while out on site
35,HeatWave Manchester,80,"Plumbing, heating",07842 799477,not checked yet,Call answering - owner misses enquiries while out on site
36,Nottingham Gas & Plumbing,80,Emergency gas and plumbing services,0115 775 8080,not checked yet,Website + call answering - check what they have first
37,2nd City Gas Plumbing & Heating Ltd,79,"Boiler replacement, heating systems",0121 426 6014,not checked yet,"Online booking + enquiry handling - 162 reviews of demand, all funnelled through the office phone"
38,Star Multifuels,79,Heating oil and multifuel supply,01269 822703,not checked yet,Order taking + delivery scheduling - winter phone peaks
39,Boiler Repair Glasgow,79,Boiler repair and installation,0141 280 0548,not checked yet,Website + call answering - check what they have first
40,GSR Gas & Plumbing Services,79,"Boiler repair, gas servicing",07429 700844,not checked yet,Call answering - owner misses enquiries while out on site
41,Banwy Fuels Ltd,78,"Heating oil delivery, monthly payment plans",01938 810242,not checked yet,Order taking + delivery scheduling - winter phone peaks
42,Manchester Gas and Heating Ltd,78,"Full heating system install, boiler service",07960 042563,not checked yet,Call answering - owner misses enquiries while out on site
43,GasPlumb,78,"Gas leak repair, servicing",07778 950491,not checked yet,Call answering - owner misses enquiries while out on site
44,Eol Maintenance Services,77,"Electrical, plumbing",020 8252 9789,not checked yet,Out-of-hours cover - a missed call is a lost contract
45,Ideal Gas Solutions,77,Boiler repair and servicing,07307 600250,not checked yet,Call answering - owner misses enquiries while out on site
46,Efficient Maintenance Limited,76,Electrical maintenance services,020 3005 5285,not checked yet,Out-of-hours cover - a missed call is a lost contract
47,Notts Heating & Plumbing,76,"Cylinder replacement, boiler work",07825 216535,not checked yet,Call answering - owner misses enquiries while out on site
48,HCE Contractor Limited,76,"Boiler repair, plumbing",07308 880222,not checked yet,Out-of-hours cover - a missed call is a lost contract
49,K P Thomas & Son,75,"Heating oil, solid fuel",01834 290016,not checked yet,Order taking + delivery scheduling - winter phone peaks
50,Progas Heating & Plumbing Services Ltd,75,Boiler replacement and repair,07503 726428,not checked yet,Call answering - owner misses enquiries while out on site
51,Focus 360 Energy LTD,75,EPC assessments,0117 287 2899,not checked yet,Out-of-hours cover - a missed call is a lost contract
52,Your Maintenance Covered,74,"Boiler, plumbing",0808 135 1594,not checked yet,Out-of-hours cover - a missed call is a lost contract
53,SCV Electrical Limited,74,"Electrical inspection, rewiring",020 7123 8400,not checked yet,Website + call answering - check what they have first
54,DL Gas & Maintenance Ltd,74,"Boiler servicing, gas supply",020 3370 2019,not checked yet,Website + call answering - check what they have first
55,N Gas Services Uk Ltd,74,"Boiler service, gas appliance install",07446 964536,not checked yet,Call answering - owner misses enquiries while out on site
56,RMG Plumbing & Gas Services,74,"Boiler servicing, commercial contracts",07825 412721,not checked yet,Call answering - owner misses enquiries while out on site
57,Swift Heat Gas Services,73,"Industrial boiler rooms, warehouse heaters",0161 764 4539,not checked yet,Out-of-hours cover - a missed call is a lost contract
58,Gas Glow,73,"Boiler install, gas appliance fitting",0141 291 5087,not checked yet,Website + call answering - check what they have first
59,Commercial Gas Safety Certificates Ltd,73,CP42 catering gas safety certificates,07779 977899,not checked yet,Out-of-hours cover - a missed call is a lost contract
60,Birmingham One Gas (B1-Gas),73,"Boiler repair, plumbing",07713 694466,not checked yet,Call answering - owner misses enquiries while out on site
61,Goff Petroleum (Wymondham),72,Heating oil and fuel delivery,01953 713555,not checked yet,Order taking + delivery scheduling - winter phone peaks
62,Bee Warm Heating,72,Boiler repair and replacement,0161 222 5953,not checked yet,Website + call answering - check what they have first
63,Hyde Gas Services,72,Boiler repair and servicing,07746 823917,not checked yet,Call answering - owner misses enquiries while out on site
64,Gastech 24/7,72,24/7 emergency gas and heating,07598 088229,not checked yet,Call answering - owner misses enquiries while out on site
65,G D Jones & Son Ltd,71,Heating oil delivery,01248 421333,not checked yet,Order taking + delivery scheduling - winter phone peaks
66,Gas Engineer Glasgow,71,"Boiler repair, gas servicing",0141 488 5457,not checked yet,Website + call answering - check what they have first
67,ScotWater,71,"Lead pipe replacement, mains work",0131 381 7770,not checked yet,Quote turnaround - enquiries sit in an inbox between jobs
68,UK Gas Plumbers,70,"Commercial gas safety, catering gas certs",020 8935 5572,not checked yet,Out-of-hours cover - a missed call is a lost contract
69,Goff Petroleum (Tenterden),70,Heating oil delivery,01892 513861,not checked yet,Order taking + delivery scheduling - winter phone peaks
70,Mayflower Engineering Ltd,70,"Structural steel fabrication, major projects",0114 244 1353,not checked yet,Quote turnaround - enquiries sit in an inbox between jobs
71,Northern Energy Gas Ltd,69,LPG and heating oil supply,01423 772789,not checked yet,Order taking + delivery scheduling - winter phone peaks
72,Tinsley Bridge Group,69,Engineering manufacturing,0114 221 1111,not checked yet,Quote turnaround - enquiries sit in an inbox between jobs
73,Taylor Engineering & Fabrications Ltd,69,"Specialist welding, fabrication",0121 326 9035,not checked yet,Quote turnaround - enquiries sit in an inbox between jobs
74,J E Lawrence & Son Ltd,68,Heating oil delivery,01437 731306,not checked yet,Order taking + delivery scheduling - winter phone peaks
75,Western Fuel Depot,68,Heating oil and diesel delivery,01278 431451,not checked yet,Order taking + delivery scheduling - winter phone peaks
76,EG Martin,67,Heating oil delivery,01373 822784,not checked yet,Order taking + delivery scheduling - winter phone peaks
77,Notts Gas & Electrical Ltd,67,"Boiler fitting, EPC",0115 990 3308,not checked yet,Website + call answering - check what they have first
78,Intrelec Ltd,67,Electrical installation and maintenance,020 8261 7600,not checked yet,Quote turnaround - enquiries sit in an inbox between jobs
79,Croft Engineering Bristol Ltd,66,"General engineering, machine shop repairs",0117 958 3286,not checked yet,Quote turnaround - enquiries sit in an inbox between jobs
80,Space Engineering Services,66,Engineering services and manufacturing,0117 977 8833,not checked yet,Quote turnaround - enquiries sit in an inbox between jobs
81,Go Green Solar Ltd,66,"Solar PV, battery",0117 964 0078,not checked yet,Website + call answering - check what they have first
82,Tate Oil,65,Heating oil and fuel delivery,01943 467444,not checked yet,Order taking + delivery scheduling - winter phone peaks
83,Unitary Engineering Services Ltd,65,"Commercial gas pipework, heat pumps",0117 951 9020,not checked yet,Out-of-hours cover - a missed call is a lost contract
84,Lynx Fuels,65,Kerosene and heating oil delivery,01677 455140,not checked yet,Order taking + delivery scheduling - winter phone peaks
85,Commercial Gas Solutions Ltd,65,Commercial gas services,07941 485268,not checked yet,Out-of-hours cover - a missed call is a lost contract
86,Guardian Gas Ltd,64,"Commercial and domestic gas, electrical",0121 458 2888,not checked yet,Out-of-hours cover - a missed call is a lost contract
87,On Time Heating Services Ltd,64,"Plumbing, heating",07800 600394,not checked yet,Call answering - owner misses enquiries while out on site
88,Willis Electrical Ltd,64,"Solar, battery",0117 287 2947,not checked yet,Website + call answering - check what they have first
89,Kelwick Engineering (GKE) Ltd,63,Engineering consultancy and manufacturing,0114 294 5519,not checked yet,Out-of-hours cover - a missed call is a lost contract
90,H W Humphreys & Son,63,Heating oil delivery,01766 513017,not checked yet,Order taking + delivery scheduling - winter phone peaks
91,JCH London,63,"Commercial boiler fit-outs, restaurant gas systems",020 7622 0937,not checked yet,Out-of-hours cover - a missed call is a lost contract
92,Dual Flame Plumber Leeds,63,"Emergency plumbing, boiler repair",0113 892 1029,not checked yet,Website + call answering - check what they have first
93,The Construction Solutions Group Ltd,62,"Plumbing, roofing",0333 444 0254,not checked yet,Website + call answering - check what they have first
94,Bearwood Gas Services,62,"Gas fire servicing, safety certificates",0121 429 7833,not checked yet,Website + call answering - check what they have first
95,HNJ Engineering Ltd,62,Precision parts manufacturing,07989 101458,not checked yet,Quote turnaround - enquiries sit in an inbox between jobs
96,Fowlers of Bristol (Engineers) Ltd,62,Engineering and manufacturing,0117 982 8965,not checked yet,Quote turnaround - enquiries sit in an inbox between jobs
97,Water and Pipeline Services,62,Pipeline installation and services,01324 611353,not checked yet,Quote turnaround - enquiries sit in an inbox between jobs
98,Pipework Limited,62,Pipework installation and manufacturing,0161 633 4879,not checked yet,Quote turnaround - enquiries sit in an inbox between jobs
99,NEO NEXT+,62,North Sea oil and gas operator,01224 352500,not checked yet,"Skip - procurement-gated, almost certainly has an agency"
100,Masters Pipeline Services Ltd,61,"Pipeline services, gas leak repair",0117 963 8887,not checked yet,Quote turnaround - enquiries sit in an inbox between jobs
101,DAMM Environmental,61,"Drainage, water removal",0141 810 2460,not checked yet,Quote turnaround - enquiries sit in an inbox between jobs
102,Broadway Engineering Limited,60,General engineering,0117 965 7585,not checked yet,Quote turnaround - enquiries sit in an inbox between jobs
103,Wilsons Engineering Ltd,60,Custom engineering and fabrication,0117 947 4390,not checked yet,Quote turnaround - enquiries sit in an inbox between jobs
104,Pipeline & Construction Supplies Ltd,60,Pipeline and construction materials supply,023 8042 8284,not checked yet,Quote turnaround - enquiries sit in an inbox between jobs
105,Energy and Technical Services Ltd,60,Energy project consultancy,0117 379 0850,not checked yet,Out-of-hours cover - a missed call is a lost contract
106,ADC Energy Ltd,60,Energy consultancy services,01224 209123,not checked yet,Out-of-hours cover - a missed call is a lost contract
107,FPP Scotland Ltd,60,Pipeline and construction materials supply,0141 882 6200,not checked yet,Quote turnaround - enquiries sit in an inbox between jobs
108,D&A Oil Tanks,60,Oil tank replacement and installation,01580 715762,not checked yet,Website + call answering - check what they have first
109,Shire Fuels Ltd,59,Heating oil delivery,01594 738139,not checked yet,Order taking + delivery scheduling - winter phone peaks
110,Anglesey Oil Ltd / Olew Mon Cyf,59,Heating oil delivery,01248 421641,not checked yet,Order taking + delivery scheduling - winter phone peaks
111,Swire Energy Services,59,"Offshore containers, energy equipment services",01224 872707,not checked yet,"Skip - procurement-gated, almost certainly has an agency"
112,United Fuels,58,Heating oil delivery,01756 691222,not checked yet,Order taking + delivery scheduling - winter phone peaks
113,Southern Fuels Ltd,58,Heating oil delivery,01404 831775,not checked yet,Order taking + delivery scheduling - winter phone peaks
114,LV Fuel and Oil Tank Services,58,"Oil tank replacement, fuel services",0800 799 9739,not checked yet,Website + call answering - check what they have first
115,B&S Pipeline Solutions Ltd,58,"Drainage clearance, pipeline solutions",01343 821775,not checked yet,Quote turnaround - enquiries sit in an inbox between jobs
116,A E T Ltd (Advanced Engineering Techniques),58,Special steel products manufacturing,0114 247 5725,not checked yet,Quote turnaround - enquiries sit in an inbox between jobs
117,Neptune E&P UK,58,North Sea exploration and production,01224 281000,not checked yet,"Skip - procurement-gated, almost certainly has an agency"
118,Geoff Boorman Fuels,57,Heating oil delivery,01732 863834,not checked yet,Order taking + delivery scheduling - winter phone peaks
119,Adapt Gas Solutions Limited,57,Commercial gas / FM services,0161 526 5588,not checked yet,Out-of-hours cover - a missed call is a lost contract
120,Yorkshire Oils Ltd,57,Heating oil delivery,01423 396789,not checked yet,Order taking + delivery scheduling - winter phone peaks
121,Your NRG Yorkshire,57,Heating oil supply,01904 409700,not checked yet,Order taking + delivery scheduling - winter phone peaks
122,Ekspan Limited,57,"Precision manufacturing, reverse engineering",0114 261 1126,not checked yet,Quote turnaround - enquiries sit in an inbox between jobs
123,Coltech Precision Engineering,57,Precision engineering services,0114 242 4281,not checked yet,Quote turnaround - enquiries sit in an inbox between jobs
124,Engineering CFD Ltd,57,Computational fluid dynamics consultancy,0114 296 1005,not checked yet,Out-of-hours cover - a missed call is a lost contract
125,Jarman W T & Sons,57,Heating oil delivery,01570 422434,not checked yet,Order taking + delivery scheduling - winter phone peaks
126,Bracebridge Engineering Ltd,57,Engineering manufacturing,0121 331 1503,not checked yet,Quote turnaround - enquiries sit in an inbox between jobs
127,Propbrook Engineering Ltd,57,Precision engineering manufacturing,0121 359 7097,not checked yet,Quote turnaround - enquiries sit in an inbox between jobs
128,Wilco Manufacturing Ltd,57,Manufacturing and supply,0121 772 6212,not checked yet,Quote turnaround - enquiries sit in an inbox between jobs
129,Edmar Engineering Company Ltd,57,Engineering services,0121 327 1022,not checked yet,Quote turnaround - enquiries sit in an inbox between jobs
130,Conway Precision Engineering,57,Precision engineering manufacturing,0121 327 2301,not checked yet,Quote turnaround - enquiries sit in an inbox between jobs
131,Moorland Fuels,56,Heating oil delivery,01837 55700,not checked yet,Order taking + delivery scheduling - winter phone peaks
132,Commercial Gas Ltd,55,Commercial gas services,0141 891 5315,not checked yet,Out-of-hours cover - a missed call is a lost contract
133,Pipework Fabrication Services Ltd,55,Pipework fabrication and supply,07903 144555,not checked yet,Quote turnaround - enquiries sit in an inbox between jobs
134,Aztec Oils Southwest,53,Fuel oil supply and delivery,01626 835046,not checked yet,Order taking + delivery scheduling - winter phone peaks
135,Advanced Engineering (UK) Ltd,53,Engineering manufacturing,0121 523 4363,not checked yet,Quote turnaround - enquiries sit in an inbox between jobs
136,Pipe Services Fabrication Ltd (PSFL),53,Pipe fabrication and supply,020 8858 2626,not checked yet,Quote turnaround - enquiries sit in an inbox between jobs
137,Kernow Oils Ltd,52,Fluids and lubrication supply for industrial use,01736 757002,not checked yet,Order taking + delivery scheduling - winter phone peaks
138,Lubricants SW Limited,52,Lubricant manufacturing and supply,01822 855885,not checked yet,Order taking + delivery scheduling - winter phone peaks
139,Rix Petroleum - North Yorkshire,52,Heating oil and fuel delivery,01944 728243,not checked yet,Order taking + delivery scheduling - winter phone peaks
140,Oil 4 Wales Llantrisant,52,Heating oil and fuel supply,01443 800820,not checked yet,Order taking + delivery scheduling - winter phone peaks
141,Brand Mechanical Engineering Ltd,52,Precision mechanical engineering,0121 327 6622,not checked yet,Quote turnaround - enquiries sit in an inbox between jobs
142,Shaw Pipework and Fabrication,52,Pipework fabrication and installation,020 4541 2201,not checked yet,Quote turnaround - enquiries sit in an inbox between jobs
143,Humphreys Pipe Fabricators Limited,52,Pipe fabrication services,01279 436623,not checked yet,Quote turnaround - enquiries sit in an inbox between jobs
144,Projects and Maintenance Ltd,52,Pipework projects and maintenance,01268 288754,not checked yet,Quote turnaround - enquiries sit in an inbox between jobs
145,Fuel Oils (Holdings) Ltd - Erith,52,Heating oil and fuel delivery,01322 349035,not checked yet,Order taking + delivery scheduling - winter phone peaks
146,Spirit Energy,52,Oil and gas exploration and production,01224 415000,not checked yet,"Skip - procurement-gated, almost certainly has an agency"
147,CAN (Offshore) Ltd,51,"Offshore inspection, maintenance",01224 870100,not checked yet,"Skip - procurement-gated, almost certainly has an agency"
148,North Sea Energy Services Ltd,50,North Sea energy support services,07515 382130,not checked yet,"Skip - procurement-gated, almost certainly has an agency"
149,Wyse Oil Ltd,50,Heating oil supply,01233 714217,not checked yet,Order taking + delivery scheduling - winter phone peaks
150,Heartland Pipelines Limited,49,"Water pipeline installation, directional drilling",01952 260505,not checked yet,Quote turnaround - enquiries sit in an inbox between jobs
151,Rix Petroleum - Yorkshire & Humber,49,Heating oil and fuel delivery,01482 407006,not checked yet,Order taking + delivery scheduling - winter phone peaks
152,Abbey Pipework Fabricators Ltd,49,Pipework fabrication,01268 526723,not checked yet,Quote turnaround - enquiries sit in an inbox between jobs
153,Pipeline Services (UK) Ltd,49,Pipeline installation and maintenance,01623 740074,not checked yet,Quote turnaround - enquiries sit in an inbox between jobs
154,Oil 4 Wales (Milford Haven),49,"Heating oil, boiler service and engineering",01646 692255,not checked yet,Website + call answering - check what they have first
155,T T S Precision Engineering Ltd,48,Precision engineering services,0114 243 4708,not checked yet,Quote turnaround - enquiries sit in an inbox between jobs
156,Willand Engineering Company Ltd,48,"Stainless steel fabrication, tank installation",01422 369000,not checked yet,Quote turnaround - enquiries sit in an inbox between jobs
157,CNR International UK Ltd,48,North Sea oil and gas operations,01224 303600,not checked yet,"Skip - procurement-gated, almost certainly has an agency"
158,HV Energy Systems Ltd,47,Energy systems services,01454 550424,not checked yet,Quote turnaround - enquiries sit in an inbox between jobs
159,Majestic Engineering,47,Precision manufacturing,0114 256 1459,not checked yet,Quote turnaround - enquiries sit in an inbox between jobs
160,Ewen Precision Engineering,47,"Precision component manufacturing, ISO accredited",0114 242 3332,not checked yet,Quote turnaround - enquiries sit in an inbox between jobs
161,Pipeline Drillers Ltd,47,Pipeline drilling services,01560 482021,not checked yet,Quote turnaround - enquiries sit in an inbox between jobs
162,Pipe Services Ltd,47,Pipe supply and services,020 8311 2111,not checked yet,Quote turnaround - enquiries sit in an inbox between jobs
163,Oil States Industries (UK) Ltd,46,Offshore oilfield equipment,01224 290000,not checked yet,"Skip - procurement-gated, almost certainly has an agency"
164,Ithaca Energy,46,North Sea oil and gas production,01224 334000,not checked yet,"Skip - procurement-gated, almost certainly has an agency"
165,Helix Oilfield Services Ltd,45,Oilfield support services,01224 240190,not checked yet,"Skip - procurement-gated, almost certainly has an agency"
166,Total Pipeline Technology Ltd,45,Pipeline technology and equipment,0141 428 3908,not checked yet,Quote turnaround - enquiries sit in an inbox between jobs
167,Cornerstone Oil & Gas Ltd,45,Oil and gas services,01224 466718,not checked yet,"Skip - procurement-gated, almost certainly has an agency"
168,Watson Fuels York,43,Heating oil delivery,01757 248220,not checked yet,Order taking + delivery scheduling - winter phone peaks
169,Pipeline Energy Solutions Ltd,43,"Gas mains replacement, excavation",0800 069 9404,not checked yet,Quote turnaround - enquiries sit in an inbox between jobs
170,Australis Distribution,42,Fuel distribution and supply,0845 456 0639,not checked yet,Order taking + delivery scheduling - winter phone peaks
171,Lionrock Energy Services Ltd,42,Energy support services,01224 680299,not checked yet,"Skip - procurement-gated, almost certainly has an agency"
172,Aberdeen Oilfield Services,40,Oilfield support services,01224 875500,not checked yet,"Skip - procurement-gated, almost certainly has an agency"
173,JCW Energy Services,40,Energy services,0117 952 2571,not checked yet,"Skip - procurement-gated, almost certainly has an agency"
174,Fuel Oils (Holdings) Ltd - Canterbury,39,Heating oil delivery,01227 464282,not checked yet,Order taking + delivery scheduling - winter phone peaks
175,Zenith Energy,38,Oil and gas operations,01224 460100,not checked yet,"Skip - procurement-gated, almost certainly has an agency"
176,Aquaterra Energy Aberdeen Ltd,37,Offshore engineering solutions,01224 651250,not checked yet,"Skip - procurement-gated, almost certainly has an agency"
