#,Company,Sector,Email,Subject,Price band,Why
1,North Bristol Private Hospital,Private hospital,info@nbph.co.uk,North Bristol Private Hospital - out-of-hours enquiries,"£6,000-12,000 setup + £1,500-2,500/mo","Self-pay surgery runs into five figures per case. An enquiry that goes unanswered over a weekend is a lost operation, not a lost call."
2,58 Queen Square,Cosmetic surgery,info@58queensquare.com,Quick question about 58 Queen Square's enquiry handling,"£3,000-6,000 setup + £750-1,500/mo",Cosmetic surgery consultations convert slowly and enquirers shop around. Speed of first reply decides who gets the consultation.
3,My Cosmetics Clinic,Cosmetic surgery,contact@mccsurgery.com,Quick question about My Cosmetics Clinic's enquiry handling,"£3,000-6,000 setup + £750-1,500/mo",Manchester surgical clinic; consultations are the bottleneck and enquirers shop around while they wait.
4,The Private Clinic,Cosmetic clinic group,enquiries@theprivateclinic.co.uk,Quick question about The Private Clinic's enquiry handling,"£6,000-12,000 setup + £1,500-2,500/mo",Multi-site group with national advertising spend. Every unanswered enquiry is paid-for traffic wasted.
5,UKSKIN,Cosmetic surgery,info@ukskin.co.uk,Quick question about UKSKIN's enquiry handling,"£6,000-12,000 setup + £1,500-2,500/mo","Surgery hubs in Birmingham, London and Manchester. Multi-site enquiry routing done by hand is where paid-for leads get lost."
6,Bath Spa Dentistry,Private dentistry,reception@bathspadentistry.com,Bath Spa Dentistry - out-of-hours enquiries,"£3,000-6,000 setup + £750-1,500/mo",City-centre private practice; enquiries arrive while the chair is occupied.
7,Clifton Dental Studio,Private dentistry,info@cliftonsmiles.co.uk,Clifton Dental Studio - out-of-hours enquiries,"£3,000-6,000 setup + £750-1,500/mo","Implant and cosmetic cases run to four and five figures. A missed call about implants is a £5,000 case going to another practice."
8,Contemporary Dental,Private dentistry,care@contemporarydental.co.uk,Quick question about Contemporary Dental's enquiry handling,"£3,000-6,000 setup + £750-1,500/mo","Private practice in Devon with a wide catchment - patients travel, so a slow reply loses them to somewhere closer."
9,Green Park Dental,Private dentistry,reception@greenparkdental.co.uk,Green Park Dental - out-of-hours enquiries,"£3,000-6,000 setup + £750-1,500/mo",Cosmetic and implant work from whitening through to veneers and implants - four-figure cases where the first reply usually wins.
10,Infinity Dental Clinic,Private dentistry,info@infinitydentalclinic.co.uk,Quick question about Infinity Dental Clinic's enquiry handling,"£3,000-6,000 setup + £750-1,500/mo",Cosmetic-led Leeds clinic where treatment plans need chasing to convert.
11,Meliora Dental,Private dentistry,reception@melioradental.co.uk,Meliora Dental - out-of-hours enquiries,"£3,000-6,000 setup + £750-1,500/mo",Implant-focused Leeds practice; the same four-figure-case logic applies.
12,Park Place Dental,Private dentistry,reception@parkplacedental.co.uk,Park Place Dental - out-of-hours enquiries,"£3,000-6,000 setup + £750-1,500/mo","Implant-led Cardiff practice. Implant cases are four and five figures, so a missed enquiry is an expensive one."
13,South Wales Specialist Oral Surgery,Private dentistry,info@specialist.wales,Quick question about South Wales Specialist Oral Surgery's enquiry handling,"£3,000-6,000 setup + £750-1,500/mo","Specialist oral surgery and implant centre taking referrals as well as direct enquiries - two intake streams, both manual."
14,Somerset Bridge Group,Insurance broking,Enquiries@sbgl.co.uk,Quick question about Somerset Bridge Group's enquiry handling,"£6,000-12,000 setup + £1,500-2,500/mo","Brokers lose 29-39 hours a week to admin, 8-10 of that on email alone. Their revenue is commission and renewals, so every hour reclaimed converts directly."
15,Future Engineering Recruitment Ltd,Recruitment,info@futureengineer.co.uk,Sifting CVs at Future Engineering Recruitment Ltd,"£3,000-6,000 setup + £750-1,500/mo",Placement fees run to five figures. Consultants lose hours a day to reading CVs that were never a fit.
16,Pamela Neave,Recruitment,enquiries@pamela-neave.co.uk,Sifting CVs at Pamela Neave,"£3,000-6,000 setup + £750-1,500/mo",Independent consultancy where the founder is still fee-earning. Screening time comes straight out of billing time.
17,Bristol Aesthetics,Aesthetics,info@bristolaesthetics.org.uk,Quick question about Bristol Aesthetics's enquiry handling,"£3,000-6,000 setup + £750-1,500/mo","Treatment-led clinic with repeat-course revenue that depends on rebooking, which is exactly what gets forgotten."
18,Paul Wilson Aesthetics,Aesthetics,info@paulwilsonaesthetics.co.uk,Quick question about Paul Wilson Aesthetics's enquiry handling,"£3,000-6,000 setup + £750-1,500/mo",Consultant-led aesthetics: the surgeon is in clinic all day and cannot answer enquiries while operating.
19,Skin & Joints,Medical aesthetics,hello@skinjoints.co.uk,Quick question about Skin & Joints's enquiry handling,"£3,000-6,000 setup + £750-1,500/mo",Clinician-led practice where the person delivering treatment is also the person answering the phone.
20,Avenue Veterinary Centre,Veterinary,enquiries@avenue-vets.com,Quick question about Avenue Veterinary Centre's enquiry handling,"£3,000-6,000 setup + £750-1,500/mo","Independent practice - increasingly rare, as most UK vets are now group-owned with central procurement. Independent means the owner can still decide."
21,Charlton Baker,Accountancy,info@charltonbaker.co.uk,Charlton Baker - chasing records before January,"£3,000-6,000 setup + £750-1,500/mo",Nine offices across the South West and Thames Valley. Records chasing multiplies with every location.
22,Milsted Langdon LLP,Accountancy,advice@milstedlangdon.co.uk,Milsted Langdon LLP - chasing records before January,"£6,000-12,000 setup + £1,500-2,500/mo",Five offices and a January deadline crush. Chasing clients for records is the single biggest drain in the practice.
23,AMD Solicitors,Law - conveyancing,info@amdsolicitors.com,Quick question about AMD Solicitors's enquiry handling,"£3,000-6,000 setup + £750-1,500/mo",Multi-office firm; the same update calls repeat across every branch.
24,Watkins Solicitors,Law - conveyancing,info@watkinssolicitors.co.uk,Quick question about Watkins Solicitors's enquiry handling,"£3,000-6,000 setup + £750-1,500/mo",Conveyancing clients ring constantly for progress updates. That traffic is pure cost and it lands on fee earners.
