Company Name,Website,Industry,Services,Location,Number of Employees,Annual Revenue,Managing Director / Owner,Email Address,Phone Number,LinkedIn Company Page,Company LinkedIn URL,Decision Maker LinkedIn,Companies House Number,Uses CRM (unverified),Online Booking (unverified),Live Chat (unverified),Website Outdated Score (unverified),Google Reviews (verified),Google Rating (verified),Automation Opportunity,Suggested AI Automation Package,Opening Line,Lead Score /100
Monahans,,Accountancy,"Audit, tax, advisory - 8 offices",Swindon,,,,,,,,,,,,,,,,Multi-office records chasing,Records chasing; Client onboarding,,
Westcotts,,Accountancy,"Chartered accountants, multi-office",Exeter,,,,,,,,,,,,,,,,Multi-office records chasing,Records chasing; Client onboarding,,
Simpkins Edwards,,Accountancy,"Chartered accountants, Devon offices",Exeter,,,,,,,,,,,,,,,,Multi-office records chasing,Records chasing; Client onboarding,,
Albert Goodman,,Accountancy,"Chartered accountants, South West",Taunton,,,,,,,,,,,,,,,,Multi-office records chasing,Records chasing; Client onboarding,,
A C Mole LLP,,Accountancy,"Chartered accountants and tax advisers",Taunton,,,,,,,,,,,,,,,,Multi-office records chasing,Records chasing; Client onboarding,,
Darnells,,Accountancy,"Chartered accountants, 3 offices",Exeter,,,,,,,,,,,,,,,,Multi-office records chasing,Records chasing; Client onboarding,,
Wilson Partners,,Accountancy,"Chartered accountants and advisers",Maidenhead,,,,,,,,,,,,,,,,Multi-office records chasing,Records chasing; Client onboarding,,
Quinn Clinics,,Aesthetics,"CQC-registered medical aesthetics, est 2006",Bristol,,,,,,,,,,,,,,,,Enquiry handling while in clinic,AI Receptionist; Rebooking,,
Azthetics Clinic,,Aesthetics,"Doctor-led aesthetics, 3 sites",Bristol,,,,,,,,,,,,,,,,Multi-site enquiry routing,AI Receptionist; Rebooking,,
Ciao Bella Aesthetics,,Aesthetics,"Skin clinic, fillers and botox",Bristol,,,,,,,,,,,,,,,,Enquiry handling while in clinic,AI Receptionist; Rebooking,,
Visage Clinic Bristol,,Aesthetics,"Nurse prescriber led aesthetics",Bristol,,,,,,,,,,,,,,,,Enquiry handling while in clinic,AI Receptionist; Rebooking,,
JB Cosmetic,,Aesthetics,"Cosmetic skin clinic, Bristol and South Wales",Bristol,,,,,,,,,,,,,,,,Multi-site enquiry routing,AI Receptionist; Rebooking,,
British Cosmetic Clinic,,Aesthetics,"Premium cosmetic treatments",Bristol,,,,,,,,,,,,,,,,Enquiry handling while in clinic,AI Receptionist; Rebooking,,
Leeds Private Hospital,,Private hospital,"Private cosmetic and general surgery",Leeds,,,,,,,,,,,,,,,,Out-of-hours self-pay enquiries,AI Receptionist; Consultation booking,,
Manchester Private Hospital,,Private hospital,"Private surgery, Manchester and Birmingham",Manchester,,,,,,,,,,,,,,,,Multi-site enquiry routing,AI Receptionist; Consultation booking,,
Harley Street Healthcare,,Cosmetic surgery,"Hair transplant, 3 UK clinics",London,,,,,,,,,,,,,,,,Multi-site enquiry routing,Speed-to-Lead; Consultation booking,,
Crown Clinic,,Cosmetic surgery,"Hair transplant, London and Manchester",Manchester,,,,,,,,,,,,,,,,Consultation booking,Speed-to-Lead; Consultation booking,,
Wimpole Clinic,,Cosmetic surgery,"Hair transplant clinics",London,,,,,,,,,,,,,,,,Multi-site enquiry routing,Speed-to-Lead; Consultation booking,,
Hair Dr,,Cosmetic surgery,"Hair loss and transplant clinic",Birmingham,,,,,,,,,,,,,,,,Consultation booking,Speed-to-Lead; Consultation booking,,
KSL Clinic,,Cosmetic surgery,"Hair loss clinics",Birmingham,,,,,,,,,,,,,,,,Consultation booking,Speed-to-Lead; Consultation booking,,
Birchgrove Dental,,Private dentistry,"Dental implants and cosmetic",Cardiff,,,,,,,,,,,,,,,,Out-of-hours implant enquiries,AI Receptionist; Treatment follow-up,,
Fusion Dentistry,,Private dentistry,"All-on-4 implants, smile makeover",Cardiff,,,,,,,,,,,,,,,,Out-of-hours implant enquiries,AI Receptionist; Treatment follow-up,,
Cathedral Dental Clinic,,Private dentistry,"Dental implant treatment",Cardiff,,,,,,,,,,,,,,,,Out-of-hours implant enquiries,AI Receptionist; Treatment follow-up,,
North Cardiff Dental & Implants,,Private dentistry,"Award winning implant dentistry",Cardiff,,,,,,,,,,,,,,,,Out-of-hours implant enquiries,AI Receptionist; Treatment follow-up,,
Llanedeyrn Dental Implant Centre,,Private dentistry,"Dental implant centre",Cardiff,,,,,,,,,,,,,,,,Out-of-hours implant enquiries,AI Receptionist; Treatment follow-up,,
Cheltenham Spa Dental & Implant Clinic,,Private dentistry,"Cosmetic dentistry and implants",Cheltenham,,,,,,,,,,,,,,,,Out-of-hours implant enquiries,AI Receptionist; Treatment follow-up,,
Exeter Advanced Dentistry,,Private dentistry,"Private advanced dentistry",Exeter,,,,,,,,,,,,,,,,Out-of-hours implant enquiries,AI Receptionist; Treatment follow-up,,
Dental House Exeter,,Private dentistry,"Private dentistry",Exeter,,,,,,,,,,,,,,,,Out-of-hours implant enquiries,AI Receptionist; Treatment follow-up,,
Irish & King Dental,,Private dentistry,"Family and cosmetic dentistry",Exeter,,,,,,,,,,,,,,,,Out-of-hours implant enquiries,AI Receptionist; Treatment follow-up,,
Harley Private Dental,,Private dentistry,"Dental implants Sheffield",Sheffield,,,,,,,,,,,,,,,,Out-of-hours implant enquiries,AI Receptionist; Treatment follow-up,,
Mola Dental,,Private dentistry,"In-house implant treatments",Sheffield,,,,,,,,,,,,,,,,Out-of-hours implant enquiries,AI Receptionist; Treatment follow-up,,
Green Square Dental & Implant Centre,,Private dentistry,"Implants and cosmetic dentistry",Sheffield,,,,,,,,,,,,,,,,Out-of-hours implant enquiries,AI Receptionist; Treatment follow-up,,
High Street Dental Care,,Private dentistry,"Implant expert practice",Sheffield,,,,,,,,,,,,,,,,Out-of-hours implant enquiries,AI Receptionist; Treatment follow-up,,
Shine Dental Care,,Private dentistry,"Dental implants Nottinghamshire",Nottingham,,,,,,,,,,,,,,,,Out-of-hours implant enquiries,AI Receptionist; Treatment follow-up,,
The Dental Care Clinic,,Private dentistry,"Orthodontics, whitening, implants",Newcastle,,,,,,,,,,,,,,,,Out-of-hours implant enquiries,AI Receptionist; Treatment follow-up,,
Atkinson Dental & Implant Clinic,,Private dentistry,"Private implants and whitening",Newcastle,,,,,,,,,,,,,,,,Out-of-hours implant enquiries,AI Receptionist; Treatment follow-up,,
Newcastle Dental Care,,Private dentistry,"NHS and private dentistry",Newcastle,,,,,,,,,,,,,,,,Out-of-hours implant enquiries,AI Receptionist; Treatment follow-up,,
Exe Insurance,,Insurance broking,"Independent commercial insurance broker",Exeter,,,,,,,,,,,,,,,,Renewal and servicing admin,Renewal automation; Quote chasing,,
Motts Insurance Brokers,,Insurance broking,"Independent commercial insurance broker",Cardiff,,,,,,,,,,,,,,,,Renewal and servicing admin,Renewal automation; Quote chasing,,
Mark Richard Insurance Brokers,,Insurance broking,"Independent broker Bristol and Bath",Bristol,,,,,,,,,,,,,,,,Renewal and servicing admin,Renewal automation; Quote chasing,,
Brunel Group,,Insurance broking,"Independent insurance brokerage est 2005",Bristol,,,,,,,,,,,,,,,,Renewal and servicing admin,Renewal automation; Quote chasing,,
Hayes Parsons Insurance Brokers,,Insurance broking,"Chartered broker, commercial and marine",Bristol,,,,,,,,,,,,,,,,Renewal and servicing admin,Renewal automation; Quote chasing,,
Castlemead Insurance Brokers,,Insurance broking,"Insurance brokers",Bristol,,,,,,,,,,,,,,,,Renewal and servicing admin,Renewal automation; Quote chasing,,
Fernlea Vets,,Veterinary,"Independent practice, 2 sites, est 1986",Bristol,,,,,,,,,,,,,,,,Recall chasing and phone overflow,Recall reminders; AI Receptionist,,
Animal Health Centre,,Veterinary,"Small animal practice est 2002",Bristol,,,,,,,,,,,,,,,,Recall chasing and phone overflow,Recall reminders; AI Receptionist,,
The Lagom Clinic,,Private GP,"Private GP, same-week appointments",Bristol,,,,,,,,,,,,,,,,Booking and health-screen follow-up,AI Receptionist; Recall reminders,,
Mayfield Clinic,,Private GP,"Annual health screens and medicals",Bristol,,,,,,,,,,,,,,,,Booking and health-screen follow-up,AI Receptionist; Recall reminders,,
Beard Medical,,Private GP,"Private general practice, Clifton",Bristol,,,,,,,,,,,,,,,,Booking and health-screen follow-up,AI Receptionist; Recall reminders,,
Sigma Recruitment,,Recruitment,"Manufacturing and engineering recruitment",Bristol,,,,,,,,,,,,,,,,CV screening volume,CV screener; Candidate follow-up,,
Ashley Rees,,Recruitment,"Finance and accountancy recruitment",Bristol,,,,,,,,,,,,,,,,CV screening volume,CV screener; Candidate follow-up,,
Time 4 Recruitment Solutions,,Recruitment,"Construction, M&E, industrial staffing",Bristol,,,,,,,,,,,,,,,,CV screening volume,CV screener; Candidate follow-up,,
